,country,year,country_year,index_measure,q1_macro_appointment_procedures_ind_measure,q1_macro_selection_criteria_ind_measure,q1_macro_professional_rights_ind_measure,q1_macro_professional_obligations_ind_measure,q1_macro_judicial_administration_ind_measure
0,Albania,2000,Albania_2000,0.52,0.55,0.5,0.42,0.65,0.5
1,Albania,2001,Albania_2001,0.52,0.55,0.5,0.42,0.65,0.5
2,Albania,2002,Albania_2002,0.52,0.55,0.5,0.42,0.65,0.5
3,Albania,2003,Albania_2003,0.52,0.55,0.5,0.42,0.65,0.5
4,Albania,2004,Albania_2004,0.55,0.55,0.5,0.42,0.76,0.5
5,Albania,2005,Albania_2005,0.55,0.55,0.5,0.42,0.76,0.5
6,Albania,2006,Albania_2006,0.55,0.55,0.5,0.42,0.76,0.5
7,Albania,2007,Albania_2007,0.53,0.55,0.42,0.42,0.76,0.5
8,Albania,2008,Albania_2008,0.58,0.55,0.61,0.5,0.76,0.5
9,Albania,2009,Albania_2009,0.58,0.55,0.61,0.5,0.76,0.5
10,Albania,2010,Albania_2010,0.58,0.55,0.61,0.5,0.76,0.5
11,Albania,2011,Albania_2011,0.58,0.55,0.61,0.5,0.76,0.5
12,Albania,2012,Albania_2012,0.58,0.55,0.61,0.5,0.76,0.5
13,Albania,2013,Albania_2013,0.58,0.55,0.61,0.5,0.76,0.5
14,Albania,2014,Albania_2014,0.58,0.55,0.61,0.5,0.76,0.5
15,Albania,2015,Albania_2015,0.58,0.55,0.61,0.5,0.76,0.5
16,Albania,2016,Albania_2016,0.92,0.94,0.81,0.87,1.0,1.0
17,Albania,2017,Albania_2017,0.94,0.94,0.89,0.87,1.0,1.0
18,Albania,2018,Albania_2018,0.94,0.94,0.89,0.87,1.0,1.0
19,Albania,2019,Albania_2019,0.94,0.94,0.89,0.87,1.0,1.0
20,Albania,2020,Albania_2020,0.96,0.94,0.97,0.87,1.0,1.0
21,Albania,2021,Albania_2021,0.96,0.94,0.97,0.87,1.0,1.0
22,Albania,2022,Albania_2022,0.94,0.94,0.97,0.87,0.92,1.0
23,Armenia,2000,Armenia_2000,0.55,0.0,0.69,0.83,0.49,0.74
24,Armenia,2001,Armenia_2001,0.55,0.0,0.69,0.83,0.49,0.74
25,Armenia,2002,Armenia_2002,0.55,0.0,0.69,0.83,0.49,0.74
26,Armenia,2003,Armenia_2003,0.55,0.0,0.69,0.83,0.49,0.74
27,Armenia,2004,Armenia_2004,0.55,0.0,0.69,0.83,0.49,0.74
28,Armenia,2005,Armenia_2005,0.55,0.0,0.69,0.83,0.49,0.74
29,Armenia,2006,Armenia_2006,0.62,0.33,0.69,0.83,0.49,0.74
30,Armenia,2007,Armenia_2007,0.62,0.33,0.69,0.83,0.49,0.74
31,Armenia,2008,Armenia_2008,0.67,0.33,0.83,0.83,0.62,0.74
32,Armenia,2009,Armenia_2009,0.67,0.33,0.83,0.83,0.62,0.74
33,Armenia,2010,Armenia_2010,0.67,0.33,0.83,0.83,0.62,0.74
34,Armenia,2011,Armenia_2011,0.67,0.33,0.83,0.83,0.62,0.74
35,Armenia,2012,Armenia_2012,0.69,0.33,0.83,0.83,0.73,0.74
36,Armenia,2013,Armenia_2013,0.69,0.33,0.83,0.83,0.73,0.74
37,Armenia,2014,Armenia_2014,0.69,0.33,0.83,0.83,0.73,0.74
38,Armenia,2015,Armenia_2015,0.69,0.33,0.83,0.83,0.73,0.74
39,Armenia,2016,Armenia_2016,0.76,0.67,0.83,0.83,0.73,0.74
40,Armenia,2017,Armenia_2017,0.76,0.67,0.83,0.83,0.73,0.74
41,Armenia,2018,Armenia_2018,0.78,0.67,0.83,0.92,0.73,0.74
42,Armenia,2019,Armenia_2019,0.78,0.67,0.83,0.92,0.73,0.74
43,Armenia,2020,Armenia_2020,0.78,0.67,0.83,0.92,0.73,0.74
44,Armenia,2021,Armenia_2021,0.78,0.67,0.83,0.92,0.73,0.74
45,Armenia,2022,Armenia_2022,0.78,0.67,0.83,0.92,0.73,0.74
46,Austria,2000,Austria_2000,0.58,0.0,0.75,0.83,0.51,0.8
47,Austria,2001,Austria_2001,0.58,0.0,0.75,0.83,0.51,0.8
48,Austria,2002,Austria_2002,0.58,0.0,0.75,0.83,0.51,0.8
49,Austria,2003,Austria_2003,0.58,0.0,0.75,0.83,0.51,0.8
50,Austria,2004,Austria_2004,0.58,0.0,0.75,0.83,0.51,0.8
51,Austria,2005,Austria_2005,0.58,0.0,0.75,0.83,0.51,0.8
52,Austria,2006,Austria_2006,0.58,0.0,0.75,0.83,0.51,0.8
53,Austria,2007,Austria_2007,0.58,0.0,0.75,0.83,0.51,0.8
54,Austria,2008,Austria_2008,0.58,0.0,0.75,0.83,0.51,0.8
55,Austria,2009,Austria_2009,0.58,0.0,0.75,0.83,0.51,0.8
56,Austria,2010,Austria_2010,0.58,0.0,0.75,0.83,0.51,0.8
57,Austria,2011,Austria_2011,0.58,0.0,0.75,0.83,0.51,0.8
58,Austria,2012,Austria_2012,0.58,0.0,0.75,0.83,0.51,0.8
59,Austria,2013,Austria_2013,0.58,0.0,0.75,0.83,0.51,0.8
60,Austria,2014,Austria_2014,0.58,0.0,0.75,0.83,0.51,0.8
61,Austria,2015,Austria_2015,0.58,0.0,0.75,0.83,0.51,0.8
62,Austria,2016,Austria_2016,0.58,0.0,0.75,0.83,0.51,0.8
63,Austria,2017,Austria_2017,0.58,0.0,0.75,0.83,0.51,0.8
64,Austria,2018,Austria_2018,0.58,0.0,0.75,0.83,0.51,0.8
65,Austria,2019,Austria_2019,0.58,0.0,0.75,0.83,0.51,0.8
66,Austria,2020,Austria_2020,0.58,0.0,0.75,0.83,0.51,0.8
67,Austria,2021,Austria_2021,0.58,0.0,0.75,0.83,0.51,0.8
68,Austria,2022,Austria_2022,0.58,0.0,0.75,0.83,0.51,0.8
69,Azerbaijan,2000,Azerbaijan_2000,0.29,0.0,0.44,0.42,0.35,0.22
70,Azerbaijan,2001,Azerbaijan_2001,0.29,0.0,0.44,0.42,0.35,0.22
71,Azerbaijan,2002,Azerbaijan_2002,0.29,0.0,0.44,0.42,0.35,0.22
72,Azerbaijan,2003,Azerbaijan_2003,0.29,0.0,0.44,0.42,0.35,0.22
73,Azerbaijan,2004,Azerbaijan_2004,0.29,0.0,0.44,0.42,0.35,0.22
74,Azerbaijan,2005,Azerbaijan_2005,0.36,0.0,0.53,0.42,0.52,0.33
75,Azerbaijan,2006,Azerbaijan_2006,0.39,0.0,0.53,0.58,0.52,0.33
76,Azerbaijan,2007,Azerbaijan_2007,0.39,0.0,0.53,0.58,0.52,0.33
77,Azerbaijan,2008,Azerbaijan_2008,0.39,0.0,0.53,0.58,0.52,0.33
78,Azerbaijan,2009,Azerbaijan_2009,0.39,0.0,0.53,0.58,0.52,0.33
79,Azerbaijan,2010,Azerbaijan_2010,0.39,0.0,0.53,0.58,0.52,0.33
80,Azerbaijan,2011,Azerbaijan_2011,0.39,0.0,0.53,0.58,0.52,0.33
81,Azerbaijan,2012,Azerbaijan_2012,0.39,0.0,0.53,0.58,0.52,0.33
82,Azerbaijan,2013,Azerbaijan_2013,0.39,0.0,0.53,0.58,0.52,0.33
83,Azerbaijan,2014,Azerbaijan_2014,0.39,0.0,0.53,0.58,0.52,0.33
84,Azerbaijan,2015,Azerbaijan_2015,0.39,0.0,0.53,0.58,0.52,0.33
85,Azerbaijan,2016,Azerbaijan_2016,0.39,0.0,0.53,0.58,0.52,0.33
86,Azerbaijan,2017,Azerbaijan_2017,0.39,0.0,0.53,0.58,0.52,0.33
87,Azerbaijan,2018,Azerbaijan_2018,0.39,0.0,0.53,0.58,0.52,0.33
88,Azerbaijan,2019,Azerbaijan_2019,0.39,0.0,0.53,0.58,0.52,0.33
89,Azerbaijan,2020,Azerbaijan_2020,0.39,0.0,0.53,0.58,0.52,0.33
90,Azerbaijan,2021,Azerbaijan_2021,0.39,0.0,0.53,0.58,0.52,0.33
91,Azerbaijan,2022,Azerbaijan_2022,0.39,0.0,0.53,0.58,0.52,0.33
92,Belgium,2000,Belgium_2000,0.7,0.33,1.0,0.88,0.74,0.54
93,Belgium,2001,Belgium_2001,0.7,0.33,1.0,0.88,0.74,0.54
94,Belgium,2002,Belgium_2002,0.7,0.33,1.0,0.88,0.74,0.54
95,Belgium,2003,Belgium_2003,0.7,0.33,1.0,0.88,0.74,0.54
96,Belgium,2004,Belgium_2004,0.7,0.33,1.0,0.88,0.74,0.54
97,Belgium,2005,Belgium_2005,0.7,0.33,1.0,0.88,0.74,0.54
98,Belgium,2006,Belgium_2006,0.7,0.33,1.0,0.88,0.74,0.54
99,Belgium,2007,Belgium_2007,0.7,0.33,1.0,0.88,0.74,0.54
100,Belgium,2008,Belgium_2008,0.7,0.33,1.0,0.88,0.74,0.54
101,Belgium,2009,Belgium_2009,0.7,0.33,1.0,0.88,0.74,0.54
102,Belgium,2010,Belgium_2010,0.7,0.33,1.0,0.88,0.74,0.54
103,Belgium,2011,Belgium_2011,0.7,0.33,1.0,0.88,0.74,0.54
104,Belgium,2012,Belgium_2012,0.7,0.33,1.0,0.88,0.74,0.54
105,Belgium,2013,Belgium_2013,0.71,0.33,1.0,0.88,0.82,0.54
106,Belgium,2014,Belgium_2014,0.71,0.33,1.0,0.88,0.82,0.54
107,Belgium,2015,Belgium_2015,0.71,0.33,1.0,0.88,0.82,0.54
108,Belgium,2016,Belgium_2016,0.71,0.33,1.0,0.88,0.82,0.54
109,Belgium,2017,Belgium_2017,0.71,0.33,1.0,0.88,0.82,0.54
110,Belgium,2018,Belgium_2018,0.71,0.33,1.0,0.88,0.82,0.54
111,Belgium,2019,Belgium_2019,0.71,0.33,1.0,0.88,0.82,0.54
112,Belgium,2020,Belgium_2020,0.71,0.33,1.0,0.88,0.82,0.54
113,Belgium,2021,Belgium_2021,0.71,0.33,1.0,0.88,0.82,0.54
114,Belgium,2022,Belgium_2022,0.71,0.33,1.0,0.88,0.82,0.54
115,Bosnia and Herzegovina,2000,Bosnia and Herzegovina_2000,0.53,0.83,0.47,0.71,0.35,0.28
116,Bosnia and Herzegovina,2001,Bosnia and Herzegovina_2001,0.64,0.83,0.75,0.71,0.51,0.39
117,Bosnia and Herzegovina,2002,Bosnia and Herzegovina_2002,0.63,0.72,0.5,0.71,0.68,0.56
118,Bosnia and Herzegovina,2003,Bosnia and Herzegovina_2003,0.63,0.67,0.5,0.71,0.71,0.56
119,Bosnia and Herzegovina,2004,Bosnia and Herzegovina_2004,0.68,0.67,0.5,0.79,0.9,0.56
120,Bosnia and Herzegovina,2005,Bosnia and Herzegovina_2005,0.68,0.67,0.5,0.79,0.9,0.56
121,Bosnia and Herzegovina,2006,Bosnia and Herzegovina_2006,0.68,0.67,0.5,0.79,0.9,0.56
122,Bosnia and Herzegovina,2007,Bosnia and Herzegovina_2007,0.68,0.67,0.5,0.79,0.9,0.56
123,Bosnia and Herzegovina,2008,Bosnia and Herzegovina_2008,0.68,0.67,0.5,0.79,0.9,0.56
124,Bosnia and Herzegovina,2009,Bosnia and Herzegovina_2009,0.68,0.67,0.5,0.79,0.9,0.56
125,Bosnia and Herzegovina,2010,Bosnia and Herzegovina_2010,0.68,0.67,0.5,0.79,0.9,0.56
126,Bosnia and Herzegovina,2011,Bosnia and Herzegovina_2011,0.69,0.67,0.5,0.79,0.9,0.61
127,Bosnia and Herzegovina,2012,Bosnia and Herzegovina_2012,0.69,0.67,0.5,0.79,0.9,0.61
128,Bosnia and Herzegovina,2013,Bosnia and Herzegovina_2013,0.69,0.67,0.5,0.79,0.9,0.61
129,Bosnia and Herzegovina,2014,Bosnia and Herzegovina_2014,0.69,0.67,0.5,0.79,0.9,0.61
130,Bosnia and Herzegovina,2015,Bosnia and Herzegovina_2015,0.69,0.67,0.5,0.79,0.9,0.61
131,Bosnia and Herzegovina,2016,Bosnia and Herzegovina_2016,0.69,0.67,0.5,0.79,0.9,0.61
132,Bosnia and Herzegovina,2017,Bosnia and Herzegovina_2017,0.69,0.67,0.5,0.79,0.9,0.61
133,Bosnia and Herzegovina,2018,Bosnia and Herzegovina_2018,0.69,0.67,0.5,0.79,0.9,0.61
134,Bosnia and Herzegovina,2019,Bosnia and Herzegovina_2019,0.69,0.67,0.5,0.79,0.9,0.61
135,Bosnia and Herzegovina,2020,Bosnia and Herzegovina_2020,0.69,0.67,0.5,0.79,0.9,0.61
136,Bosnia and Herzegovina,2021,Bosnia and Herzegovina_2021,0.69,0.67,0.5,0.79,0.9,0.61
137,Bosnia and Herzegovina,2022,Bosnia and Herzegovina_2022,0.69,0.67,0.5,0.79,0.9,0.61
138,Bulgaria,2000,Bulgaria_2000,0.78,0.94,0.64,0.75,0.89,0.67
139,Bulgaria,2001,Bulgaria_2001,0.78,0.94,0.64,0.75,0.89,0.67
140,Bulgaria,2002,Bulgaria_2002,0.78,0.94,0.64,0.75,0.89,0.67
141,Bulgaria,2003,Bulgaria_2003,0.78,0.94,0.67,0.75,0.89,0.67
142,Bulgaria,2004,Bulgaria_2004,0.79,0.94,0.67,0.79,0.89,0.67
143,Bulgaria,2005,Bulgaria_2005,0.79,0.94,0.67,0.79,0.89,0.67
144,Bulgaria,2006,Bulgaria_2006,0.81,0.94,0.67,0.88,0.89,0.67
145,Bulgaria,2007,Bulgaria_2007,0.86,0.94,0.92,0.88,0.89,0.67
146,Bulgaria,2008,Bulgaria_2008,0.86,0.94,0.92,0.88,0.89,0.67
147,Bulgaria,2009,Bulgaria_2009,0.86,0.94,0.92,0.88,0.89,0.67
148,Bulgaria,2010,Bulgaria_2010,0.86,0.94,0.92,0.88,0.89,0.67
149,Bulgaria,2011,Bulgaria_2011,0.86,0.94,0.92,0.88,0.89,0.67
150,Bulgaria,2012,Bulgaria_2012,0.86,0.94,0.92,0.88,0.89,0.67
151,Bulgaria,2013,Bulgaria_2013,0.86,0.94,0.92,0.88,0.89,0.67
152,Bulgaria,2014,Bulgaria_2014,0.88,0.94,0.92,0.88,0.89,0.78
153,Bulgaria,2015,Bulgaria_2015,0.88,0.94,0.92,0.88,0.89,0.78
154,Bulgaria,2016,Bulgaria_2016,0.88,0.94,0.92,0.88,0.89,0.78
155,Bulgaria,2017,Bulgaria_2017,0.88,0.94,0.92,0.88,0.89,0.78
156,Bulgaria,2018,Bulgaria_2018,0.88,0.94,0.92,0.88,0.89,0.78
157,Bulgaria,2019,Bulgaria_2019,0.88,0.94,0.92,0.88,0.89,0.78
158,Bulgaria,2020,Bulgaria_2020,0.88,0.94,0.92,0.88,0.89,0.78
159,Bulgaria,2021,Bulgaria_2021,0.88,0.94,0.92,0.88,0.89,0.78
160,Bulgaria,2022,Bulgaria_2022,0.88,0.94,0.92,0.88,0.89,0.78
161,Croatia,2000,Croatia_2000,0.77,0.5,0.71,0.92,0.79,0.94
162,Croatia,2001,Croatia_2001,0.77,0.5,0.71,0.92,0.79,0.94
163,Croatia,2002,Croatia_2002,0.77,0.5,0.71,0.92,0.79,0.94
164,Croatia,2003,Croatia_2003,0.77,0.5,0.71,0.92,0.79,0.94
165,Croatia,2004,Croatia_2004,0.77,0.5,0.71,0.92,0.79,0.94
166,Croatia,2005,Croatia_2005,0.77,0.5,0.71,0.92,0.79,0.94
167,Croatia,2006,Croatia_2006,0.77,0.5,0.71,0.92,0.79,0.94
168,Croatia,2007,Croatia_2007,0.77,0.5,0.71,0.92,0.79,0.94
169,Croatia,2008,Croatia_2008,0.77,0.5,0.71,0.92,0.79,0.94
170,Croatia,2009,Croatia_2009,0.77,0.5,0.71,0.92,0.79,0.94
171,Croatia,2010,Croatia_2010,0.86,0.61,1.0,0.96,0.79,0.94
172,Croatia,2011,Croatia_2011,0.86,0.61,1.0,0.96,0.79,0.94
173,Croatia,2012,Croatia_2012,0.88,0.61,1.0,0.96,0.9,0.94
174,Croatia,2013,Croatia_2013,0.88,0.61,1.0,0.96,0.9,0.94
175,Croatia,2014,Croatia_2014,0.88,0.61,1.0,0.96,0.9,0.94
176,Croatia,2015,Croatia_2015,0.88,0.61,1.0,0.96,0.9,0.94
177,Croatia,2016,Croatia_2016,0.88,0.61,1.0,0.96,0.9,0.94
178,Croatia,2017,Croatia_2017,0.88,0.61,1.0,0.96,0.9,0.94
179,Croatia,2018,Croatia_2018,0.88,0.61,1.0,0.96,0.9,0.94
180,Croatia,2019,Croatia_2019,0.88,0.61,1.0,0.96,0.9,0.94
181,Croatia,2020,Croatia_2020,0.88,0.61,1.0,0.96,0.9,0.94
182,Croatia,2021,Croatia_2021,0.88,0.61,1.0,0.96,0.9,0.94
183,Croatia,2022,Croatia_2022,0.88,0.61,1.0,0.96,0.9,0.94
184,Cyprus,2000,Cyprus_2000,0.77,0.44,0.83,0.92,0.86,0.78
185,Cyprus,2001,Cyprus_2001,0.77,0.44,0.83,0.92,0.86,0.78
186,Cyprus,2002,Cyprus_2002,0.77,0.44,0.83,0.92,0.86,0.78
187,Cyprus,2003,Cyprus_2003,0.77,0.44,0.83,0.92,0.86,0.78
188,Cyprus,2004,Cyprus_2004,0.77,0.44,0.83,0.92,0.86,0.78
189,Cyprus,2005,Cyprus_2005,0.77,0.44,0.83,0.92,0.86,0.78
190,Cyprus,2006,Cyprus_2006,0.77,0.44,0.83,0.92,0.86,0.78
191,Cyprus,2007,Cyprus_2007,0.77,0.44,0.83,0.92,0.86,0.78
192,Cyprus,2008,Cyprus_2008,0.77,0.44,0.83,0.92,0.86,0.78
193,Cyprus,2009,Cyprus_2009,0.77,0.44,0.83,0.92,0.86,0.78
194,Cyprus,2010,Cyprus_2010,0.77,0.44,0.83,0.92,0.86,0.78
195,Cyprus,2011,Cyprus_2011,0.77,0.44,0.83,0.92,0.86,0.78
196,Cyprus,2012,Cyprus_2012,0.77,0.44,0.83,0.92,0.86,0.78
197,Cyprus,2013,Cyprus_2013,0.77,0.44,0.83,0.92,0.86,0.78
198,Cyprus,2014,Cyprus_2014,0.77,0.44,0.83,0.92,0.86,0.78
199,Cyprus,2015,Cyprus_2015,0.77,0.44,0.83,0.92,0.86,0.78
200,Cyprus,2016,Cyprus_2016,0.77,0.44,0.83,0.92,0.86,0.78
201,Cyprus,2017,Cyprus_2017,0.77,0.44,0.83,0.92,0.86,0.78
202,Cyprus,2018,Cyprus_2018,0.77,0.44,0.83,0.92,0.86,0.78
203,Cyprus,2019,Cyprus_2019,0.77,0.44,0.83,0.92,0.86,0.78
204,Cyprus,2020,Cyprus_2020,0.77,0.44,0.83,0.92,0.86,0.78
205,Cyprus,2021,Cyprus_2021,0.77,0.44,0.83,0.92,0.86,0.78
206,Cyprus,2022,Cyprus_2022,0.77,0.44,0.83,0.92,0.86,0.78
207,Czechia,2000,Czechia_2000,0.6,0.06,0.67,0.83,0.69,0.75
208,Czechia,2001,Czechia_2001,0.6,0.06,0.67,0.83,0.69,0.75
209,Czechia,2002,Czechia_2002,0.61,0.06,0.67,0.92,0.65,0.75
210,Czechia,2003,Czechia_2003,0.61,0.06,0.67,0.92,0.65,0.75
211,Czechia,2004,Czechia_2004,0.61,0.06,0.67,0.92,0.65,0.75
212,Czechia,2005,Czechia_2005,0.61,0.06,0.67,0.92,0.65,0.75
213,Czechia,2006,Czechia_2006,0.61,0.06,0.67,0.92,0.65,0.75
214,Czechia,2007,Czechia_2007,0.61,0.06,0.67,0.92,0.65,0.75
215,Czechia,2008,Czechia_2008,0.58,0.06,0.67,0.92,0.51,0.75
216,Czechia,2009,Czechia_2009,0.58,0.06,0.67,0.92,0.51,0.75
217,Czechia,2010,Czechia_2010,0.58,0.06,0.67,0.92,0.51,0.75
218,Czechia,2011,Czechia_2011,0.58,0.06,0.67,0.92,0.51,0.75
219,Czechia,2012,Czechia_2012,0.58,0.06,0.67,0.92,0.51,0.75
220,Czechia,2013,Czechia_2013,0.58,0.06,0.67,0.92,0.51,0.75
221,Czechia,2014,Czechia_2014,0.58,0.06,0.67,0.92,0.51,0.75
222,Czechia,2015,Czechia_2015,0.58,0.06,0.67,0.92,0.51,0.75
223,Czechia,2016,Czechia_2016,0.58,0.06,0.67,0.92,0.51,0.75
224,Czechia,2017,Czechia_2017,0.6,0.06,0.67,0.92,0.62,0.75
225,Czechia,2018,Czechia_2018,0.6,0.06,0.67,0.92,0.62,0.75
226,Czechia,2019,Czechia_2019,0.6,0.06,0.67,0.92,0.62,0.75
227,Czechia,2020,Czechia_2020,0.6,0.06,0.67,0.92,0.62,0.75
228,Czechia,2021,Czechia_2021,0.6,0.06,0.67,0.92,0.62,0.75
229,Czechia,2022,Czechia_2022,0.64,0.06,0.75,0.92,0.73,0.75
230,Estonia,2000,Estonia_2000,0.85,0.72,0.72,0.92,0.88,1.0
231,Estonia,2001,Estonia_2001,0.85,0.72,0.72,0.92,0.88,1.0
232,Estonia,2002,Estonia_2002,0.84,0.72,0.72,1.0,0.93,0.82
233,Estonia,2003,Estonia_2003,0.84,0.72,0.72,1.0,0.93,0.82
234,Estonia,2004,Estonia_2004,0.84,0.72,0.72,1.0,0.93,0.82
235,Estonia,2005,Estonia_2005,0.84,0.72,0.72,1.0,0.93,0.82
236,Estonia,2006,Estonia_2006,0.83,0.72,0.72,0.96,0.93,0.82
237,Estonia,2007,Estonia_2007,0.83,0.72,0.72,0.96,0.93,0.82
238,Estonia,2008,Estonia_2008,0.83,0.72,0.72,0.96,0.93,0.82
239,Estonia,2009,Estonia_2009,0.83,0.72,0.72,0.96,0.93,0.82
240,Estonia,2010,Estonia_2010,0.83,0.72,0.72,0.96,0.93,0.82
241,Estonia,2011,Estonia_2011,0.82,0.72,0.72,0.96,0.93,0.76
242,Estonia,2012,Estonia_2012,0.82,0.72,0.72,0.96,0.93,0.76
243,Estonia,2013,Estonia_2013,0.81,0.72,0.72,0.92,0.93,0.76
244,Estonia,2014,Estonia_2014,0.81,0.72,0.72,0.92,0.93,0.76
245,Estonia,2015,Estonia_2015,0.81,0.72,0.72,0.92,0.93,0.76
246,Estonia,2016,Estonia_2016,0.83,0.72,0.72,1.0,0.93,0.76
247,Estonia,2017,Estonia_2017,0.83,0.72,0.72,1.0,0.93,0.76
248,Estonia,2018,Estonia_2018,0.83,0.72,0.72,1.0,0.93,0.76
249,Estonia,2019,Estonia_2019,0.83,0.72,0.72,1.0,0.93,0.76
250,Estonia,2020,Estonia_2020,0.83,0.72,0.72,1.0,0.93,0.76
251,Estonia,2021,Estonia_2021,0.83,0.72,0.72,1.0,0.93,0.76
252,Estonia,2022,Estonia_2022,0.83,0.72,0.72,1.0,0.93,0.76
253,Finland,2000,Finland_2000,0.7,0.33,0.75,0.92,0.89,0.59
254,Finland,2001,Finland_2001,0.7,0.33,0.75,0.92,0.89,0.59
255,Finland,2002,Finland_2002,0.7,0.33,0.75,0.92,0.89,0.59
256,Finland,2003,Finland_2003,0.7,0.33,0.75,0.92,0.89,0.59
257,Finland,2004,Finland_2004,0.7,0.33,0.75,0.92,0.89,0.59
258,Finland,2005,Finland_2005,0.7,0.33,0.75,0.92,0.89,0.59
259,Finland,2006,Finland_2006,0.7,0.33,0.75,0.92,0.89,0.59
260,Finland,2007,Finland_2007,0.7,0.33,0.75,0.92,0.89,0.59
261,Finland,2008,Finland_2008,0.7,0.33,0.75,0.92,0.89,0.59
262,Finland,2009,Finland_2009,0.7,0.33,0.75,0.92,0.89,0.59
263,Finland,2010,Finland_2010,0.7,0.33,0.75,0.92,0.89,0.59
264,Finland,2011,Finland_2011,0.7,0.33,0.75,0.92,0.89,0.59
265,Finland,2012,Finland_2012,0.7,0.33,0.75,0.92,0.89,0.59
266,Finland,2013,Finland_2013,0.7,0.33,0.75,0.92,0.89,0.59
267,Finland,2014,Finland_2014,0.7,0.33,0.75,0.92,0.89,0.59
268,Finland,2015,Finland_2015,0.7,0.33,0.75,0.92,0.89,0.59
269,Finland,2016,Finland_2016,0.7,0.33,0.75,0.92,0.89,0.59
270,Finland,2017,Finland_2017,0.7,0.33,0.75,0.92,0.89,0.59
271,Finland,2018,Finland_2018,0.7,0.33,0.75,0.92,0.89,0.59
272,Finland,2019,Finland_2019,0.7,0.33,0.75,0.92,0.89,0.59
273,Finland,2020,Finland_2020,0.76,0.33,0.75,0.92,0.89,0.91
274,Finland,2021,Finland_2021,0.76,0.33,0.75,0.92,0.89,0.91
275,Finland,2022,Finland_2022,0.76,0.33,0.75,0.92,0.89,0.91
276,France,2000,France_2000,0.67,0.44,0.97,0.83,0.68,0.44
277,France,2001,France_2001,0.7,0.44,0.97,0.92,0.71,0.44
278,France,2002,France_2002,0.7,0.44,0.97,0.92,0.71,0.44
279,France,2003,France_2003,0.7,0.44,0.97,0.92,0.71,0.44
280,France,2004,France_2004,0.72,0.44,0.97,0.92,0.71,0.56
281,France,2005,France_2005,0.72,0.44,0.97,0.92,0.71,0.56
282,France,2006,France_2006,0.72,0.44,0.97,0.92,0.71,0.56
283,France,2007,France_2007,0.72,0.44,0.97,0.92,0.71,0.56
284,France,2008,France_2008,0.75,0.44,0.97,0.92,0.71,0.72
285,France,2009,France_2009,0.75,0.44,0.97,0.92,0.71,0.72
286,France,2010,France_2010,0.75,0.44,0.97,0.92,0.71,0.72
287,France,2011,France_2011,0.75,0.44,0.97,0.92,0.71,0.72
288,France,2012,France_2012,0.75,0.44,0.97,0.92,0.71,0.72
289,France,2013,France_2013,0.75,0.44,0.97,0.92,0.71,0.72
290,France,2014,France_2014,0.75,0.44,0.97,0.92,0.71,0.72
291,France,2015,France_2015,0.75,0.44,0.97,0.92,0.71,0.72
292,France,2016,France_2016,0.75,0.44,0.97,0.92,0.71,0.72
293,France,2017,France_2017,0.75,0.44,0.97,0.92,0.71,0.72
294,France,2018,France_2018,0.75,0.44,0.97,0.92,0.71,0.72
295,France,2019,France_2019,0.75,0.44,0.97,0.92,0.71,0.72
296,France,2020,France_2020,0.75,0.44,0.97,0.92,0.71,0.72
297,France,2021,France_2021,0.75,0.44,0.97,0.92,0.71,0.72
298,France,2022,France_2022,0.75,0.44,0.97,0.92,0.71,0.72
299,Georgia,2000,Georgia_2000,0.5,0.22,0.44,0.5,0.85,0.48
300,Georgia,2001,Georgia_2001,0.5,0.22,0.44,0.5,0.85,0.48
301,Georgia,2002,Georgia_2002,0.5,0.22,0.44,0.5,0.85,0.48
302,Georgia,2003,Georgia_2003,0.5,0.22,0.44,0.5,0.85,0.48
303,Georgia,2004,Georgia_2004,0.53,0.28,0.44,0.58,0.85,0.48
304,Georgia,2005,Georgia_2005,0.55,0.39,0.44,0.58,0.85,0.48
305,Georgia,2006,Georgia_2006,0.55,0.39,0.44,0.58,0.85,0.48
306,Georgia,2007,Georgia_2007,0.65,0.78,0.44,0.58,0.85,0.61
307,Georgia,2008,Georgia_2008,0.65,0.78,0.44,0.58,0.85,0.61
308,Georgia,2009,Georgia_2009,0.65,0.78,0.44,0.58,0.85,0.61
309,Georgia,2010,Georgia_2010,0.65,0.78,0.44,0.58,0.85,0.61
310,Georgia,2011,Georgia_2011,0.65,0.78,0.44,0.58,0.85,0.61
311,Georgia,2012,Georgia_2012,0.65,0.78,0.44,0.58,0.85,0.61
312,Georgia,2013,Georgia_2013,0.67,0.78,0.36,0.75,0.85,0.61
313,Georgia,2014,Georgia_2014,0.7,0.78,0.53,0.75,0.85,0.61
314,Georgia,2015,Georgia_2015,0.7,0.78,0.53,0.75,0.85,0.61
315,Georgia,2016,Georgia_2016,0.7,0.78,0.53,0.75,0.85,0.61
316,Georgia,2017,Georgia_2017,0.83,0.89,0.83,0.75,0.85,0.83
317,Georgia,2018,Georgia_2018,0.83,0.89,0.83,0.75,0.85,0.83
318,Georgia,2019,Georgia_2019,0.83,0.89,0.83,0.75,0.85,0.83
319,Georgia,2020,Georgia_2020,0.83,0.89,0.83,0.75,0.85,0.83
320,Georgia,2021,Georgia_2021,0.83,0.89,0.83,0.75,0.85,0.83
321,Georgia,2022,Georgia_2022,0.83,0.89,0.83,0.75,0.85,0.83
322,Germany,2000,Germany_2000,0.82,0.56,0.96,0.92,0.75,0.89
323,Germany,2001,Germany_2001,0.82,0.56,0.96,0.92,0.75,0.89
324,Germany,2002,Germany_2002,0.78,0.45,0.93,0.92,0.7,0.89
325,Germany,2003,Germany_2003,0.78,0.45,0.93,0.92,0.7,0.89
326,Germany,2004,Germany_2004,0.78,0.45,0.93,0.92,0.7,0.89
327,Germany,2005,Germany_2005,0.78,0.45,0.93,0.92,0.7,0.89
328,Germany,2006,Germany_2006,0.78,0.45,0.93,0.92,0.7,0.89
329,Germany,2007,Germany_2007,0.73,0.45,0.93,0.92,0.7,0.67
330,Germany,2008,Germany_2008,0.78,0.45,0.93,0.92,0.7,0.89
331,Germany,2009,Germany_2009,0.78,0.45,0.93,0.92,0.7,0.89
332,Germany,2010,Germany_2010,0.78,0.45,0.93,0.92,0.7,0.89
333,Germany,2011,Germany_2011,0.78,0.45,0.93,0.92,0.7,0.89
334,Germany,2012,Germany_2012,0.78,0.45,0.93,0.92,0.7,0.89
335,Germany,2013,Germany_2013,0.78,0.45,0.93,0.92,0.7,0.89
336,Germany,2014,Germany_2014,0.78,0.45,0.93,0.92,0.7,0.89
337,Germany,2015,Germany_2015,0.78,0.45,0.93,0.92,0.7,0.89
338,Germany,2016,Germany_2016,0.78,0.45,0.93,0.92,0.7,0.89
339,Germany,2017,Germany_2017,0.78,0.45,0.93,0.92,0.7,0.89
340,Germany,2018,Germany_2018,0.78,0.45,0.93,0.92,0.7,0.89
341,Germany,2019,Germany_2019,0.78,0.45,0.93,0.92,0.7,0.89
342,Germany,2020,Germany_2020,0.78,0.45,0.93,0.92,0.7,0.89
343,Germany,2021,Germany_2021,0.78,0.45,0.93,0.92,0.7,0.89
344,Germany,2022,Germany_2022,0.78,0.45,0.93,0.92,0.7,0.89
345,Greece,2000,Greece_2000,0.87,0.89,0.96,0.92,0.82,0.74
346,Greece,2001,Greece_2001,0.87,0.89,0.96,0.92,0.82,0.74
347,Greece,2002,Greece_2002,0.87,0.89,0.96,0.92,0.82,0.74
348,Greece,2003,Greece_2003,0.87,0.89,0.96,0.92,0.82,0.74
349,Greece,2004,Greece_2004,0.87,0.89,0.96,0.92,0.82,0.74
350,Greece,2005,Greece_2005,0.87,0.89,0.96,0.92,0.82,0.74
351,Greece,2006,Greece_2006,0.87,0.89,0.96,0.92,0.82,0.74
352,Greece,2007,Greece_2007,0.87,0.89,0.96,0.92,0.82,0.74
353,Greece,2008,Greece_2008,0.87,0.89,0.96,0.92,0.82,0.74
354,Greece,2009,Greece_2009,0.87,0.89,0.96,0.92,0.82,0.74
355,Greece,2010,Greece_2010,0.87,0.89,0.96,0.92,0.82,0.74
356,Greece,2011,Greece_2011,0.87,0.89,0.96,0.92,0.82,0.74
357,Greece,2012,Greece_2012,0.87,0.89,0.96,0.92,0.82,0.74
358,Greece,2013,Greece_2013,0.87,0.89,0.96,0.92,0.82,0.74
359,Greece,2014,Greece_2014,0.87,0.89,0.96,0.92,0.82,0.74
360,Greece,2015,Greece_2015,0.87,0.89,0.96,0.92,0.82,0.74
361,Greece,2016,Greece_2016,0.87,0.89,0.96,0.92,0.82,0.74
362,Greece,2017,Greece_2017,0.87,0.89,0.96,0.92,0.82,0.74
363,Greece,2018,Greece_2018,0.87,0.89,0.96,0.92,0.82,0.74
364,Greece,2019,Greece_2019,0.87,0.89,0.96,0.92,0.82,0.74
365,Greece,2020,Greece_2020,0.87,0.89,0.96,0.92,0.82,0.74
366,Greece,2021,Greece_2021,0.87,0.89,0.96,0.92,0.82,0.74
367,Greece,2022,Greece_2022,0.87,0.89,0.96,0.92,0.82,0.74
368,Hungary,2000,Hungary_2000,0.86,0.89,0.96,0.71,0.81,0.94
369,Hungary,2001,Hungary_2001,0.86,0.89,0.96,0.71,0.81,0.94
370,Hungary,2002,Hungary_2002,0.86,0.89,0.96,0.71,0.81,0.94
371,Hungary,2003,Hungary_2003,0.86,0.89,0.96,0.71,0.81,0.94
372,Hungary,2004,Hungary_2004,0.86,0.89,0.96,0.71,0.81,0.94
373,Hungary,2005,Hungary_2005,0.86,0.89,0.96,0.71,0.81,0.94
374,Hungary,2006,Hungary_2006,0.86,0.89,0.96,0.71,0.81,0.94
375,Hungary,2007,Hungary_2007,0.86,0.89,0.96,0.71,0.81,0.94
376,Hungary,2008,Hungary_2008,0.86,0.89,0.96,0.71,0.81,0.94
377,Hungary,2009,Hungary_2009,0.86,0.89,0.96,0.71,0.81,0.94
378,Hungary,2010,Hungary_2010,0.86,0.89,0.96,0.71,0.81,0.94
379,Hungary,2011,Hungary_2011,0.86,0.89,0.96,0.71,0.81,0.94
380,Hungary,2012,Hungary_2012,0.77,0.44,0.96,0.71,0.95,0.8
381,Hungary,2013,Hungary_2013,0.77,0.44,0.96,0.71,0.95,0.8
382,Hungary,2014,Hungary_2014,0.77,0.44,0.96,0.71,0.95,0.8
383,Hungary,2015,Hungary_2015,0.77,0.44,0.96,0.71,0.95,0.8
384,Hungary,2016,Hungary_2016,0.77,0.44,0.96,0.71,0.95,0.8
385,Hungary,2017,Hungary_2017,0.77,0.44,0.96,0.71,0.95,0.8
386,Hungary,2018,Hungary_2018,0.77,0.44,0.96,0.71,0.95,0.8
387,Hungary,2019,Hungary_2019,0.77,0.44,0.96,0.71,0.95,0.8
388,Hungary,2020,Hungary_2020,0.77,0.44,0.96,0.71,0.95,0.8
389,Hungary,2021,Hungary_2021,0.77,0.44,0.96,0.71,0.95,0.8
390,Hungary,2022,Hungary_2022,0.77,0.44,0.96,0.71,0.95,0.8
391,Iceland,2000,Iceland_2000,0.72,0.5,0.75,0.83,0.88,0.65
392,Iceland,2001,Iceland_2001,0.72,0.5,0.75,0.83,0.88,0.65
393,Iceland,2002,Iceland_2002,0.72,0.5,0.75,0.83,0.88,0.65
394,Iceland,2003,Iceland_2003,0.72,0.5,0.75,0.83,0.88,0.65
395,Iceland,2004,Iceland_2004,0.72,0.5,0.75,0.83,0.88,0.65
396,Iceland,2005,Iceland_2005,0.72,0.5,0.75,0.83,0.88,0.65
397,Iceland,2006,Iceland_2006,0.72,0.5,0.75,0.83,0.88,0.65
398,Iceland,2007,Iceland_2007,0.72,0.5,0.75,0.83,0.88,0.65
399,Iceland,2008,Iceland_2008,0.72,0.5,0.75,0.83,0.88,0.65
400,Iceland,2009,Iceland_2009,0.72,0.5,0.75,0.83,0.88,0.65
401,Iceland,2010,Iceland_2010,0.72,0.5,0.75,0.83,0.88,0.65
402,Iceland,2011,Iceland_2011,0.72,0.5,0.75,0.83,0.88,0.65
403,Iceland,2012,Iceland_2012,0.72,0.5,0.75,0.83,0.88,0.65
404,Iceland,2013,Iceland_2013,0.72,0.5,0.75,0.83,0.88,0.65
405,Iceland,2014,Iceland_2014,0.72,0.5,0.75,0.83,0.88,0.65
406,Iceland,2015,Iceland_2015,0.72,0.5,0.75,0.83,0.88,0.65
407,Iceland,2016,Iceland_2016,0.72,0.5,0.75,0.83,0.88,0.65
408,Iceland,2017,Iceland_2017,0.72,0.5,0.75,0.83,0.88,0.65
409,Iceland,2018,Iceland_2018,0.8,0.83,0.75,0.83,0.88,0.71
410,Iceland,2019,Iceland_2019,0.8,0.83,0.75,0.83,0.88,0.71
411,Iceland,2020,Iceland_2020,0.8,0.83,0.75,0.83,0.88,0.71
412,Iceland,2021,Iceland_2021,0.8,0.83,0.75,0.83,0.88,0.71
413,Iceland,2022,Iceland_2022,0.8,0.83,0.75,0.83,0.88,0.71
414,Ireland,2000,Ireland_2000,0.4,0.0,0.44,0.92,0.31,0.33
415,Ireland,2001,Ireland_2001,0.4,0.0,0.44,0.92,0.31,0.33
416,Ireland,2002,Ireland_2002,0.4,0.0,0.44,0.92,0.31,0.33
417,Ireland,2003,Ireland_2003,0.4,0.0,0.44,0.92,0.31,0.33
418,Ireland,2004,Ireland_2004,0.4,0.0,0.44,0.92,0.31,0.33
419,Ireland,2005,Ireland_2005,0.4,0.0,0.44,0.92,0.31,0.33
420,Ireland,2006,Ireland_2006,0.4,0.0,0.44,0.92,0.31,0.33
421,Ireland,2007,Ireland_2007,0.4,0.0,0.44,0.92,0.31,0.33
422,Ireland,2008,Ireland_2008,0.4,0.0,0.44,0.92,0.31,0.33
423,Ireland,2009,Ireland_2009,0.4,0.0,0.44,0.92,0.31,0.33
424,Ireland,2010,Ireland_2010,0.4,0.0,0.44,0.92,0.31,0.33
425,Ireland,2011,Ireland_2011,0.4,0.0,0.44,0.92,0.31,0.33
426,Ireland,2012,Ireland_2012,0.4,0.0,0.44,0.92,0.31,0.33
427,Ireland,2013,Ireland_2013,0.4,0.0,0.44,0.92,0.31,0.33
428,Ireland,2014,Ireland_2014,0.4,0.0,0.44,0.92,0.31,0.33
429,Ireland,2015,Ireland_2015,0.4,0.0,0.44,0.92,0.31,0.33
430,Ireland,2016,Ireland_2016,0.4,0.0,0.44,0.92,0.31,0.33
431,Ireland,2017,Ireland_2017,0.4,0.0,0.44,0.92,0.31,0.33
432,Ireland,2018,Ireland_2018,0.4,0.0,0.44,0.92,0.31,0.33
433,Ireland,2019,Ireland_2019,0.53,0.0,0.44,0.92,0.64,0.63
434,Ireland,2020,Ireland_2020,0.53,0.0,0.44,0.92,0.64,0.63
435,Ireland,2021,Ireland_2021,0.53,0.0,0.44,0.92,0.64,0.63
436,Ireland,2022,Ireland_2022,0.54,0.0,0.44,0.92,0.7,0.63
437,Italy,2000,Italy_2000,0.9,1.0,0.92,0.79,0.9,0.89
438,Italy,2001,Italy_2001,0.9,1.0,0.92,0.79,0.9,0.89
439,Italy,2002,Italy_2002,0.9,1.0,0.92,0.79,0.9,0.89
440,Italy,2003,Italy_2003,0.9,1.0,0.92,0.79,0.9,0.89
441,Italy,2004,Italy_2004,0.9,1.0,0.92,0.79,0.9,0.89
442,Italy,2005,Italy_2005,0.91,1.0,0.92,0.79,0.94,0.89
443,Italy,2006,Italy_2006,0.91,1.0,0.92,0.79,0.94,0.89
444,Italy,2007,Italy_2007,0.91,1.0,0.92,0.79,0.94,0.89
445,Italy,2008,Italy_2008,0.91,1.0,0.92,0.79,0.94,0.89
446,Italy,2009,Italy_2009,0.91,1.0,0.92,0.79,0.94,0.89
447,Italy,2010,Italy_2010,0.91,1.0,0.92,0.79,0.94,0.89
448,Italy,2011,Italy_2011,0.91,1.0,0.92,0.79,0.94,0.89
449,Italy,2012,Italy_2012,0.91,1.0,0.92,0.79,0.94,0.89
450,Italy,2013,Italy_2013,0.91,1.0,0.92,0.79,0.94,0.89
451,Italy,2014,Italy_2014,0.91,1.0,0.92,0.79,0.94,0.89
452,Italy,2015,Italy_2015,0.91,1.0,0.92,0.79,0.94,0.89
453,Italy,2016,Italy_2016,0.91,1.0,0.92,0.79,0.94,0.89
454,Italy,2017,Italy_2017,0.91,1.0,0.92,0.79,0.94,0.89
455,Italy,2018,Italy_2018,0.91,1.0,0.92,0.79,0.94,0.89
456,Italy,2019,Italy_2019,0.91,1.0,0.92,0.79,0.94,0.89
457,Italy,2020,Italy_2020,0.91,1.0,0.92,0.79,0.94,0.89
458,Italy,2021,Italy_2021,0.91,1.0,0.92,0.79,0.94,0.89
459,Italy,2022,Italy_2022,0.91,1.0,0.92,0.79,0.94,0.89
460,Latvia,2000,Latvia_2000,0.76,0.56,0.93,0.88,0.92,0.5
461,Latvia,2001,Latvia_2001,0.76,0.56,0.93,0.88,0.92,0.5
462,Latvia,2002,Latvia_2002,0.76,0.56,0.93,0.88,0.92,0.5
463,Latvia,2003,Latvia_2003,0.76,0.56,0.93,0.88,0.92,0.5
464,Latvia,2004,Latvia_2004,0.76,0.56,0.93,0.88,0.92,0.5
465,Latvia,2005,Latvia_2005,0.76,0.56,0.93,0.88,0.92,0.5
466,Latvia,2006,Latvia_2006,0.76,0.56,0.93,0.88,0.92,0.5
467,Latvia,2007,Latvia_2007,0.76,0.56,0.93,0.88,0.92,0.5
468,Latvia,2008,Latvia_2008,0.76,0.56,0.93,0.88,0.92,0.5
469,Latvia,2009,Latvia_2009,0.76,0.56,0.93,0.88,0.92,0.5
470,Latvia,2010,Latvia_2010,0.8,0.56,0.93,0.88,0.92,0.7
471,Latvia,2011,Latvia_2011,0.8,0.56,0.93,0.88,0.92,0.7
472,Latvia,2012,Latvia_2012,0.8,0.56,0.93,0.88,0.92,0.7
473,Latvia,2013,Latvia_2013,0.8,0.56,0.93,0.88,0.92,0.7
474,Latvia,2014,Latvia_2014,0.8,0.56,0.93,0.88,0.92,0.7
475,Latvia,2015,Latvia_2015,0.8,0.56,0.93,0.88,0.92,0.7
476,Latvia,2016,Latvia_2016,0.8,0.56,0.93,0.88,0.92,0.7
477,Latvia,2017,Latvia_2017,0.8,0.56,0.93,0.88,0.92,0.7
478,Latvia,2018,Latvia_2018,0.83,0.67,0.96,0.88,0.92,0.7
479,Latvia,2019,Latvia_2019,0.83,0.67,0.96,0.88,0.92,0.7
480,Latvia,2020,Latvia_2020,0.83,0.67,0.96,0.88,0.92,0.7
481,Latvia,2021,Latvia_2021,0.83,0.67,0.96,0.88,0.92,0.7
482,Latvia,2022,Latvia_2022,0.83,0.67,0.96,0.88,0.92,0.7
483,Lithuania,2000,Lithuania_2000,0.64,0.28,0.75,0.75,0.71,0.7
484,Lithuania,2001,Lithuania_2001,0.64,0.28,0.75,0.75,0.71,0.7
485,Lithuania,2002,Lithuania_2002,0.62,0.28,0.75,0.67,0.71,0.7
486,Lithuania,2003,Lithuania_2003,0.64,0.28,0.75,0.75,0.71,0.7
487,Lithuania,2004,Lithuania_2004,0.64,0.28,0.75,0.75,0.71,0.7
488,Lithuania,2005,Lithuania_2005,0.64,0.28,0.75,0.75,0.71,0.7
489,Lithuania,2006,Lithuania_2006,0.66,0.28,0.75,0.75,0.71,0.8
490,Lithuania,2007,Lithuania_2007,0.67,0.33,0.75,0.75,0.71,0.8
491,Lithuania,2008,Lithuania_2008,0.72,0.33,0.75,0.83,0.71,0.96
492,Lithuania,2009,Lithuania_2009,0.73,0.33,0.83,0.83,0.71,0.96
493,Lithuania,2010,Lithuania_2010,0.73,0.33,0.83,0.83,0.71,0.96
494,Lithuania,2011,Lithuania_2011,0.73,0.33,0.83,0.83,0.71,0.96
495,Lithuania,2012,Lithuania_2012,0.73,0.33,0.83,0.83,0.71,0.96
496,Lithuania,2013,Lithuania_2013,0.73,0.33,0.83,0.83,0.71,0.96
497,Lithuania,2014,Lithuania_2014,0.74,0.33,0.83,0.83,0.76,0.96
498,Lithuania,2015,Lithuania_2015,0.74,0.33,0.83,0.83,0.76,0.96
499,Lithuania,2016,Lithuania_2016,0.74,0.33,0.83,0.83,0.76,0.96
500,Lithuania,2017,Lithuania_2017,0.74,0.33,0.83,0.83,0.76,0.96
501,Lithuania,2018,Lithuania_2018,0.74,0.33,0.83,0.83,0.76,0.96
502,Lithuania,2019,Lithuania_2019,0.74,0.33,0.83,0.83,0.76,0.96
503,Lithuania,2020,Lithuania_2020,0.74,0.33,0.83,0.83,0.76,0.96
504,Lithuania,2021,Lithuania_2021,0.74,0.33,0.83,0.83,0.76,0.96
505,Lithuania,2022,Lithuania_2022,0.74,0.33,0.83,0.83,0.76,0.96
506,Malta,2000,Malta_2000,0.53,0.0,0.44,0.75,0.83,0.61
507,Malta,2001,Malta_2001,0.53,0.0,0.44,0.75,0.83,0.61
508,Malta,2002,Malta_2002,0.53,0.0,0.44,0.75,0.83,0.61
509,Malta,2003,Malta_2003,0.53,0.0,0.44,0.75,0.83,0.61
510,Malta,2004,Malta_2004,0.53,0.0,0.44,0.75,0.83,0.61
511,Malta,2005,Malta_2005,0.53,0.0,0.44,0.75,0.83,0.61
512,Malta,2006,Malta_2006,0.53,0.0,0.44,0.75,0.83,0.61
513,Malta,2007,Malta_2007,0.53,0.0,0.44,0.75,0.83,0.61
514,Malta,2008,Malta_2008,0.53,0.0,0.44,0.75,0.83,0.61
515,Malta,2009,Malta_2009,0.53,0.0,0.44,0.75,0.83,0.61
516,Malta,2010,Malta_2010,0.53,0.0,0.44,0.75,0.83,0.61
517,Malta,2011,Malta_2011,0.53,0.0,0.44,0.75,0.83,0.61
518,Malta,2012,Malta_2012,0.53,0.0,0.44,0.75,0.83,0.61
519,Malta,2013,Malta_2013,0.53,0.0,0.44,0.75,0.83,0.61
520,Malta,2014,Malta_2014,0.53,0.0,0.44,0.75,0.83,0.61
521,Malta,2015,Malta_2015,0.53,0.0,0.44,0.75,0.83,0.61
522,Malta,2016,Malta_2016,0.53,0.0,0.44,0.75,0.83,0.61
523,Malta,2017,Malta_2017,0.57,0.22,0.44,0.75,0.83,0.61
524,Malta,2018,Malta_2018,0.57,0.22,0.44,0.75,0.83,0.61
525,Malta,2019,Malta_2019,0.57,0.22,0.44,0.75,0.83,0.61
526,Malta,2020,Malta_2020,0.58,0.22,0.5,0.75,0.83,0.61
527,Malta,2021,Malta_2021,0.58,0.22,0.5,0.75,0.83,0.61
528,Malta,2022,Malta_2022,0.58,0.22,0.5,0.75,0.83,0.61
529,Moldova,2000,Moldova_2000,0.51,0.33,0.32,0.67,0.74,0.5
530,Moldova,2001,Moldova_2001,0.51,0.33,0.32,0.67,0.74,0.5
531,Moldova,2002,Moldova_2002,0.53,0.33,0.32,0.67,0.85,0.5
532,Moldova,2003,Moldova_2003,0.53,0.33,0.32,0.67,0.85,0.5
533,Moldova,2004,Moldova_2004,0.53,0.33,0.32,0.67,0.85,0.5
534,Moldova,2005,Moldova_2005,0.53,0.33,0.32,0.67,0.85,0.5
535,Moldova,2006,Moldova_2006,0.53,0.33,0.32,0.67,0.85,0.5
536,Moldova,2007,Moldova_2007,0.53,0.33,0.32,0.67,0.85,0.5
537,Moldova,2008,Moldova_2008,0.53,0.33,0.32,0.67,0.85,0.5
538,Moldova,2009,Moldova_2009,0.53,0.33,0.32,0.67,0.85,0.5
539,Moldova,2010,Moldova_2010,0.53,0.33,0.32,0.67,0.85,0.5
540,Moldova,2011,Moldova_2011,0.55,0.33,0.32,0.67,0.85,0.56
541,Moldova,2012,Moldova_2012,0.7,0.33,0.96,0.79,0.85,0.56
542,Moldova,2013,Moldova_2013,0.72,0.33,0.96,0.79,0.85,0.67
543,Moldova,2014,Moldova_2014,0.74,0.33,0.96,0.79,0.9,0.72
544,Moldova,2015,Moldova_2015,0.74,0.33,0.96,0.79,0.9,0.72
545,Moldova,2016,Moldova_2016,0.74,0.33,0.96,0.79,0.9,0.72
546,Moldova,2017,Moldova_2017,0.74,0.33,0.96,0.79,0.9,0.72
547,Moldova,2018,Moldova_2018,0.74,0.33,0.96,0.79,0.9,0.72
548,Moldova,2019,Moldova_2019,0.74,0.33,0.96,0.79,0.9,0.72
549,Moldova,2020,Moldova_2020,0.74,0.33,0.96,0.79,0.9,0.72
550,Moldova,2021,Moldova_2021,0.73,0.33,0.96,0.79,0.9,0.67
551,Moldova,2022,Moldova_2022,0.77,0.33,1.0,0.88,0.9,0.72
552,Montenegro,2000,Montenegro_2000,0.56,0.33,0.75,0.75,0.56,0.42
553,Montenegro,2001,Montenegro_2001,0.56,0.33,0.75,0.75,0.56,0.42
554,Montenegro,2002,Montenegro_2002,0.73,0.67,1.0,0.75,0.58,0.65
555,Montenegro,2003,Montenegro_2003,0.73,0.67,1.0,0.75,0.58,0.65
556,Montenegro,2004,Montenegro_2004,0.75,0.67,1.0,0.75,0.69,0.65
557,Montenegro,2005,Montenegro_2005,0.75,0.67,1.0,0.75,0.69,0.65
558,Montenegro,2006,Montenegro_2006,0.75,0.67,1.0,0.75,0.69,0.65
559,Montenegro,2007,Montenegro_2007,0.83,1.0,1.0,0.92,0.69,0.56
560,Montenegro,2008,Montenegro_2008,0.87,1.0,1.0,0.92,0.76,0.67
561,Montenegro,2009,Montenegro_2009,0.87,1.0,1.0,0.92,0.76,0.67
562,Montenegro,2010,Montenegro_2010,0.87,1.0,1.0,0.92,0.76,0.67
563,Montenegro,2011,Montenegro_2011,0.87,1.0,1.0,0.92,0.76,0.67
564,Montenegro,2012,Montenegro_2012,0.87,1.0,1.0,0.92,0.76,0.67
565,Montenegro,2013,Montenegro_2013,0.87,1.0,1.0,0.92,0.76,0.67
566,Montenegro,2014,Montenegro_2014,0.87,1.0,1.0,0.92,0.76,0.67
567,Montenegro,2015,Montenegro_2015,0.94,1.0,1.0,0.92,1.0,0.78
568,Montenegro,2016,Montenegro_2016,0.94,1.0,1.0,0.92,1.0,0.78
569,Montenegro,2017,Montenegro_2017,0.94,1.0,1.0,0.92,1.0,0.78
570,Montenegro,2018,Montenegro_2018,0.95,1.0,1.0,0.96,1.0,0.78
571,Montenegro,2019,Montenegro_2019,0.95,1.0,1.0,0.96,1.0,0.78
572,Montenegro,2020,Montenegro_2020,0.95,1.0,1.0,0.96,1.0,0.78
573,Montenegro,2021,Montenegro_2021,0.95,1.0,1.0,0.96,1.0,0.78
574,Montenegro,2022,Montenegro_2022,0.95,1.0,1.0,0.96,1.0,0.78
575,North Macedonia,2000,North Macedonia_2000,0.68,1.0,0.42,0.63,0.79,0.56
576,North Macedonia,2001,North Macedonia_2001,0.68,1.0,0.42,0.63,0.79,0.56
577,North Macedonia,2002,North Macedonia_2002,0.68,1.0,0.42,0.63,0.79,0.56
578,North Macedonia,2003,North Macedonia_2003,0.68,1.0,0.42,0.63,0.79,0.56
579,North Macedonia,2004,North Macedonia_2004,0.68,1.0,0.42,0.63,0.79,0.56
580,North Macedonia,2005,North Macedonia_2005,0.68,1.0,0.42,0.63,0.79,0.56
581,North Macedonia,2006,North Macedonia_2006,0.7,1.0,0.5,0.63,0.79,0.56
582,North Macedonia,2007,North Macedonia_2007,0.7,1.0,0.5,0.63,0.79,0.56
583,North Macedonia,2008,North Macedonia_2008,0.7,1.0,0.5,0.63,0.79,0.56
584,North Macedonia,2009,North Macedonia_2009,0.7,1.0,0.5,0.63,0.79,0.56
585,North Macedonia,2010,North Macedonia_2010,0.72,1.0,0.5,0.63,0.79,0.67
586,North Macedonia,2011,North Macedonia_2011,0.72,1.0,0.5,0.63,0.79,0.67
587,North Macedonia,2012,North Macedonia_2012,0.74,1.0,0.5,0.63,0.79,0.78
588,North Macedonia,2013,North Macedonia_2013,0.74,1.0,0.5,0.63,0.79,0.78
589,North Macedonia,2014,North Macedonia_2014,0.74,1.0,0.5,0.63,0.79,0.78
590,North Macedonia,2015,North Macedonia_2015,0.74,1.0,0.5,0.63,0.79,0.78
591,North Macedonia,2016,North Macedonia_2016,0.74,1.0,0.5,0.63,0.79,0.78
592,North Macedonia,2017,North Macedonia_2017,0.74,1.0,0.5,0.63,0.79,0.78
593,North Macedonia,2018,North Macedonia_2018,0.74,1.0,0.5,0.63,0.79,0.78
594,North Macedonia,2019,North Macedonia_2019,0.74,1.0,0.5,0.63,0.79,0.78
595,North Macedonia,2020,North Macedonia_2020,0.74,1.0,0.5,0.63,0.79,0.78
596,North Macedonia,2021,North Macedonia_2021,0.72,0.89,0.5,0.63,0.79,0.78
597,North Macedonia,2022,North Macedonia_2022,0.74,1.0,0.5,0.63,0.79,0.78
598,Norway,2000,Norway_2000,0.71,0.33,1.0,0.92,0.72,0.56
599,Norway,2001,Norway_2001,0.71,0.33,1.0,0.92,0.72,0.56
600,Norway,2002,Norway_2002,0.71,0.33,1.0,0.92,0.72,0.56
601,Norway,2003,Norway_2003,0.71,0.33,1.0,0.92,0.72,0.56
602,Norway,2004,Norway_2004,0.71,0.33,1.0,0.92,0.72,0.56
603,Norway,2005,Norway_2005,0.71,0.33,1.0,0.92,0.72,0.56
604,Norway,2006,Norway_2006,0.71,0.33,1.0,0.92,0.72,0.56
605,Norway,2007,Norway_2007,0.71,0.33,1.0,0.92,0.72,0.56
606,Norway,2008,Norway_2008,0.71,0.33,1.0,0.92,0.72,0.56
607,Norway,2009,Norway_2009,0.71,0.33,1.0,0.92,0.72,0.56
608,Norway,2010,Norway_2010,0.71,0.33,1.0,0.92,0.72,0.56
609,Norway,2011,Norway_2011,0.71,0.33,1.0,0.92,0.72,0.56
610,Norway,2012,Norway_2012,0.71,0.33,1.0,0.92,0.72,0.56
611,Norway,2013,Norway_2013,0.71,0.33,1.0,0.92,0.72,0.56
612,Norway,2014,Norway_2014,0.71,0.33,1.0,0.92,0.72,0.56
613,Norway,2015,Norway_2015,0.71,0.33,1.0,0.92,0.72,0.56
614,Norway,2016,Norway_2016,0.71,0.33,1.0,0.92,0.72,0.56
615,Norway,2017,Norway_2017,0.71,0.33,1.0,0.92,0.72,0.56
616,Norway,2018,Norway_2018,0.71,0.33,1.0,0.92,0.72,0.56
617,Norway,2019,Norway_2019,0.71,0.33,1.0,0.92,0.72,0.56
618,Norway,2020,Norway_2020,0.71,0.33,1.0,0.92,0.72,0.56
619,Norway,2021,Norway_2021,0.71,0.33,1.0,0.92,0.72,0.56
620,Norway,2022,Norway_2022,0.71,0.33,1.0,0.92,0.72,0.56
621,Poland,2000,Poland_2000,0.61,0.61,0.68,0.71,0.74,0.31
622,Poland,2001,Poland_2001,0.66,0.61,0.68,0.67,0.82,0.54
623,Poland,2002,Poland_2002,0.67,0.61,0.71,0.67,0.82,0.54
624,Poland,2003,Poland_2003,0.68,0.67,0.71,0.67,0.82,0.54
625,Poland,2004,Poland_2004,0.68,0.67,0.71,0.67,0.82,0.54
626,Poland,2005,Poland_2005,0.68,0.67,0.71,0.67,0.82,0.54
627,Poland,2006,Poland_2006,0.68,0.67,0.71,0.67,0.82,0.54
628,Poland,2007,Poland_2007,0.66,0.67,0.71,0.67,0.82,0.42
629,Poland,2008,Poland_2008,0.66,0.67,0.71,0.67,0.82,0.42
630,Poland,2009,Poland_2009,0.67,0.67,0.75,0.67,0.82,0.42
631,Poland,2010,Poland_2010,0.67,0.67,0.75,0.67,0.82,0.42
632,Poland,2011,Poland_2011,0.67,0.67,0.75,0.67,0.82,0.42
633,Poland,2012,Poland_2012,0.67,0.67,0.75,0.67,0.82,0.42
634,Poland,2013,Poland_2013,0.67,0.67,0.75,0.67,0.82,0.42
635,Poland,2014,Poland_2014,0.67,0.67,0.75,0.67,0.82,0.42
636,Poland,2015,Poland_2015,0.67,0.67,0.75,0.67,0.82,0.42
637,Poland,2016,Poland_2016,0.66,0.67,0.71,0.67,0.82,0.42
638,Poland,2017,Poland_2017,0.62,0.56,0.71,0.67,0.74,0.42
639,Poland,2018,Poland_2018,0.6,0.56,0.71,0.67,0.7,0.37
640,Poland,2019,Poland_2019,0.62,0.56,0.71,0.67,0.7,0.48
641,Poland,2020,Poland_2020,0.62,0.56,0.71,0.67,0.7,0.48
642,Poland,2021,Poland_2021,0.62,0.56,0.71,0.67,0.7,0.48
643,Poland,2022,Poland_2022,0.62,0.56,0.71,0.67,0.7,0.48
644,Portugal,2000,Portugal_2000,0.88,0.89,0.93,0.96,0.89,0.74
645,Portugal,2001,Portugal_2001,0.88,0.89,0.93,0.96,0.89,0.74
646,Portugal,2002,Portugal_2002,0.88,0.89,0.93,0.96,0.89,0.74
647,Portugal,2003,Portugal_2003,0.88,0.89,0.93,0.96,0.89,0.74
648,Portugal,2004,Portugal_2004,0.88,0.89,0.93,0.96,0.89,0.74
649,Portugal,2005,Portugal_2005,0.88,0.89,0.93,0.96,0.89,0.74
650,Portugal,2006,Portugal_2006,0.88,0.89,0.93,0.96,0.89,0.74
651,Portugal,2007,Portugal_2007,0.88,0.89,0.93,0.96,0.89,0.74
652,Portugal,2008,Portugal_2008,0.88,0.89,0.93,0.96,0.89,0.74
653,Portugal,2009,Portugal_2009,0.88,0.89,0.93,0.96,0.89,0.74
654,Portugal,2010,Portugal_2010,0.88,0.89,0.93,0.96,0.89,0.74
655,Portugal,2011,Portugal_2011,0.88,0.89,0.93,0.96,0.89,0.74
656,Portugal,2012,Portugal_2012,0.88,0.89,0.93,0.96,0.89,0.74
657,Portugal,2013,Portugal_2013,0.87,0.89,0.93,0.96,0.89,0.69
658,Portugal,2014,Portugal_2014,0.87,0.89,0.93,0.96,0.89,0.69
659,Portugal,2015,Portugal_2015,0.87,0.89,0.93,0.96,0.89,0.69
660,Portugal,2016,Portugal_2016,0.87,0.89,0.93,0.96,0.89,0.69
661,Portugal,2017,Portugal_2017,0.87,0.89,0.93,0.96,0.89,0.69
662,Portugal,2018,Portugal_2018,0.87,0.89,0.93,0.96,0.89,0.69
663,Portugal,2019,Portugal_2019,0.87,0.89,0.93,0.96,0.89,0.69
664,Portugal,2020,Portugal_2020,0.87,0.89,0.93,0.96,0.89,0.69
665,Portugal,2021,Portugal_2021,0.87,0.89,0.93,0.96,0.89,0.69
666,Portugal,2022,Portugal_2022,0.87,0.89,0.93,0.96,0.89,0.69
667,Romania,2000,Romania_2000,0.63,0.33,0.76,0.62,0.88,0.56
668,Romania,2001,Romania_2001,0.63,0.33,0.76,0.62,0.88,0.56
669,Romania,2002,Romania_2002,0.63,0.33,0.76,0.62,0.88,0.56
670,Romania,2003,Romania_2003,0.63,0.33,0.76,0.62,0.88,0.56
671,Romania,2004,Romania_2004,0.63,0.33,0.76,0.62,0.88,0.56
672,Romania,2005,Romania_2005,0.92,0.89,0.96,0.96,0.91,0.89
673,Romania,2006,Romania_2006,0.92,0.89,0.96,0.96,0.91,0.89
674,Romania,2007,Romania_2007,0.92,0.89,0.96,0.96,0.91,0.89
675,Romania,2008,Romania_2008,0.92,0.89,0.96,0.96,0.91,0.89
676,Romania,2009,Romania_2009,0.92,0.89,0.96,0.96,0.91,0.89
677,Romania,2010,Romania_2010,0.92,0.89,0.96,0.96,0.91,0.89
678,Romania,2011,Romania_2011,0.89,0.89,0.96,0.79,0.91,0.89
679,Romania,2012,Romania_2012,0.92,0.89,0.96,0.96,0.91,0.89
680,Romania,2013,Romania_2013,0.92,0.89,0.96,0.96,0.91,0.89
681,Romania,2014,Romania_2014,0.92,0.89,0.96,0.96,0.91,0.89
682,Romania,2015,Romania_2015,0.92,0.89,0.96,0.96,0.91,0.89
683,Romania,2016,Romania_2016,0.92,0.89,0.96,0.96,0.91,0.89
684,Romania,2017,Romania_2017,0.9,0.89,0.96,0.96,0.82,0.89
685,Romania,2018,Romania_2018,0.92,0.89,0.96,0.96,0.88,0.89
686,Romania,2019,Romania_2019,0.93,0.94,0.96,0.96,0.88,0.89
687,Romania,2020,Romania_2020,0.91,0.94,0.96,0.96,0.79,0.89
688,Romania,2021,Romania_2021,0.93,0.94,0.96,0.96,0.88,0.89
689,Romania,2022,Romania_2022,0.93,0.94,0.96,0.96,0.88,0.89
690,Russia,2000,Russia_2000,0.58,0.33,0.61,0.67,0.54,0.74
691,Russia,2001,Russia_2001,0.59,0.33,0.61,0.71,0.54,0.74
692,Russia,2002,Russia_2002,0.58,0.33,0.61,0.71,0.49,0.74
693,Russia,2003,Russia_2003,0.58,0.33,0.61,0.71,0.49,0.74
694,Russia,2004,Russia_2004,0.58,0.33,0.61,0.71,0.49,0.74
695,Russia,2005,Russia_2005,0.58,0.33,0.61,0.71,0.49,0.74
696,Russia,2006,Russia_2006,0.58,0.33,0.61,0.71,0.49,0.74
697,Russia,2007,Russia_2007,0.58,0.33,0.61,0.71,0.49,0.74
698,Russia,2008,Russia_2008,0.6,0.33,0.61,0.71,0.6,0.74
699,Russia,2009,Russia_2009,0.6,0.33,0.61,0.71,0.6,0.74
700,Russia,2010,Russia_2010,0.61,0.33,0.61,0.71,0.68,0.74
701,Russia,2011,Russia_2011,0.61,0.33,0.61,0.71,0.68,0.74
702,Russia,2012,Russia_2012,0.61,0.33,0.61,0.71,0.68,0.74
703,Russia,2013,Russia_2013,0.61,0.33,0.61,0.71,0.68,0.74
704,Russia,2014,Russia_2014,0.6,0.33,0.61,0.71,0.6,0.74
705,Russia,2015,Russia_2015,0.6,0.33,0.61,0.71,0.6,0.74
706,Russia,2016,Russia_2016,0.6,0.33,0.61,0.71,0.6,0.74
707,Russia,2017,Russia_2017,0.6,0.33,0.61,0.71,0.6,0.74
708,Russia,2018,Russia_2018,0.6,0.33,0.61,0.71,0.6,0.74
709,Russia,2019,Russia_2019,0.61,0.33,0.61,0.71,0.6,0.8
710,Russia,2020,Russia_2020,0.61,0.33,0.61,0.71,0.6,0.8
711,Russia,2021,Russia_2021,0.63,0.33,0.61,0.79,0.6,0.8
712,Russia,2022,Russia_2022,0.64,0.33,0.61,0.88,0.6,0.8
713,Serbia,2000,Serbia_2000,0.61,0.61,0.72,0.58,0.54,0.59
714,Serbia,2001,Serbia_2001,0.61,0.61,0.72,0.58,0.54,0.59
715,Serbia,2002,Serbia_2002,0.73,0.67,0.72,0.75,0.71,0.82
716,Serbia,2003,Serbia_2003,0.85,0.67,0.89,0.92,0.95,0.82
717,Serbia,2004,Serbia_2004,0.85,0.67,0.89,0.92,0.95,0.82
718,Serbia,2005,Serbia_2005,0.85,0.67,0.89,0.92,0.95,0.82
719,Serbia,2006,Serbia_2006,0.85,0.67,0.89,0.92,0.95,0.82
720,Serbia,2007,Serbia_2007,0.85,0.67,0.89,0.92,0.95,0.82
721,Serbia,2008,Serbia_2008,0.81,0.67,0.81,0.92,0.95,0.71
722,Serbia,2009,Serbia_2009,0.8,0.67,0.81,0.92,0.95,0.65
723,Serbia,2010,Serbia_2010,0.82,0.67,0.89,0.92,0.95,0.65
724,Serbia,2011,Serbia_2011,0.82,0.67,0.89,0.92,0.95,0.65
725,Serbia,2012,Serbia_2012,0.82,0.67,0.89,0.92,0.95,0.65
726,Serbia,2013,Serbia_2013,0.82,0.67,0.89,0.92,0.95,0.65
727,Serbia,2014,Serbia_2014,0.82,0.67,0.92,0.92,0.95,0.65
728,Serbia,2015,Serbia_2015,0.82,0.67,0.92,0.92,0.95,0.65
729,Serbia,2016,Serbia_2016,0.82,0.67,0.92,0.92,0.95,0.65
730,Serbia,2017,Serbia_2017,0.83,0.67,0.92,0.96,0.95,0.65
731,Serbia,2018,Serbia_2018,0.83,0.67,0.92,0.96,0.95,0.65
732,Serbia,2019,Serbia_2019,0.83,0.67,0.92,0.96,0.95,0.65
733,Serbia,2020,Serbia_2020,0.83,0.67,0.92,0.96,0.95,0.65
734,Serbia,2021,Serbia_2021,0.83,0.67,0.92,0.96,0.95,0.65
735,Serbia,2022,Serbia_2022,0.83,0.67,0.92,0.96,0.95,0.65
736,Slovakia,2000,Slovakia_2000,0.38,0.22,0.0,0.67,0.49,0.5
737,Slovakia,2001,Slovakia_2001,0.46,0.28,0.25,0.67,0.6,0.5
738,Slovakia,2002,Slovakia_2002,0.66,0.78,0.33,0.92,0.6,0.65
739,Slovakia,2003,Slovakia_2003,0.66,0.78,0.33,0.92,0.6,0.65
740,Slovakia,2004,Slovakia_2004,0.64,0.72,0.33,0.92,0.6,0.65
741,Slovakia,2005,Slovakia_2005,0.63,0.67,0.33,0.92,0.6,0.65
742,Slovakia,2006,Slovakia_2006,0.63,0.67,0.33,0.92,0.6,0.65
743,Slovakia,2007,Slovakia_2007,0.63,0.67,0.33,0.92,0.6,0.65
744,Slovakia,2008,Slovakia_2008,0.63,0.67,0.33,0.92,0.6,0.65
745,Slovakia,2009,Slovakia_2009,0.63,0.67,0.33,0.92,0.6,0.65
746,Slovakia,2010,Slovakia_2010,0.63,0.67,0.33,0.92,0.6,0.65
747,Slovakia,2011,Slovakia_2011,0.76,0.67,0.75,0.92,0.81,0.65
748,Slovakia,2012,Slovakia_2012,0.76,0.67,0.75,0.92,0.81,0.65
749,Slovakia,2013,Slovakia_2013,0.76,0.67,0.75,0.92,0.81,0.65
750,Slovakia,2014,Slovakia_2014,0.75,0.67,0.75,0.92,0.81,0.59
751,Slovakia,2015,Slovakia_2015,0.75,0.67,0.75,0.92,0.81,0.59
752,Slovakia,2016,Slovakia_2016,0.75,0.67,0.75,0.92,0.81,0.59
753,Slovakia,2017,Slovakia_2017,0.75,0.67,0.75,0.92,0.81,0.59
754,Slovakia,2018,Slovakia_2018,0.75,0.67,0.75,0.92,0.81,0.59
755,Slovakia,2019,Slovakia_2019,0.75,0.67,0.75,0.92,0.81,0.59
756,Slovakia,2020,Slovakia_2020,0.75,0.67,0.75,0.92,0.81,0.59
757,Slovakia,2021,Slovakia_2021,0.74,0.67,0.75,0.92,0.78,0.59
758,Slovakia,2022,Slovakia_2022,0.74,0.67,0.75,0.92,0.78,0.59
759,Slovenia,2000,Slovenia_2000,0.66,0.39,0.97,0.67,0.56,0.72
760,Slovenia,2001,Slovenia_2001,0.66,0.39,0.97,0.67,0.56,0.72
761,Slovenia,2002,Slovenia_2002,0.69,0.39,0.97,0.67,0.71,0.72
762,Slovenia,2003,Slovenia_2003,0.69,0.39,0.97,0.67,0.71,0.72
763,Slovenia,2004,Slovenia_2004,0.69,0.39,0.97,0.67,0.71,0.72
764,Slovenia,2005,Slovenia_2005,0.69,0.39,0.97,0.67,0.71,0.72
765,Slovenia,2006,Slovenia_2006,0.72,0.39,0.97,0.83,0.71,0.72
766,Slovenia,2007,Slovenia_2007,0.72,0.39,0.97,0.83,0.71,0.72
767,Slovenia,2008,Slovenia_2008,0.72,0.39,0.97,0.83,0.71,0.72
768,Slovenia,2009,Slovenia_2009,0.72,0.39,0.97,0.83,0.71,0.72
769,Slovenia,2010,Slovenia_2010,0.75,0.5,0.97,0.83,0.71,0.72
770,Slovenia,2011,Slovenia_2011,0.75,0.5,0.97,0.83,0.71,0.72
771,Slovenia,2012,Slovenia_2012,0.75,0.5,0.97,0.83,0.71,0.72
772,Slovenia,2013,Slovenia_2013,0.75,0.5,0.97,0.83,0.71,0.72
773,Slovenia,2014,Slovenia_2014,0.75,0.5,0.97,0.83,0.71,0.72
774,Slovenia,2015,Slovenia_2015,0.75,0.5,0.97,0.83,0.71,0.72
775,Slovenia,2016,Slovenia_2016,0.75,0.5,0.97,0.83,0.71,0.72
776,Slovenia,2017,Slovenia_2017,0.76,0.5,0.97,0.83,0.76,0.72
777,Slovenia,2018,Slovenia_2018,0.76,0.5,0.97,0.83,0.76,0.72
778,Slovenia,2019,Slovenia_2019,0.76,0.5,0.97,0.83,0.76,0.72
779,Slovenia,2020,Slovenia_2020,0.76,0.5,0.97,0.83,0.76,0.72
780,Slovenia,2021,Slovenia_2021,0.72,0.5,0.97,0.67,0.76,0.72
781,Slovenia,2022,Slovenia_2022,0.72,0.5,0.97,0.67,0.76,0.72
782,Spain,2000,Spain_2000,0.84,1.0,0.89,0.92,0.85,0.56
783,Spain,2001,Spain_2001,0.84,1.0,0.89,0.92,0.85,0.56
784,Spain,2002,Spain_2002,0.84,1.0,0.89,0.92,0.85,0.56
785,Spain,2003,Spain_2003,0.84,1.0,0.89,0.92,0.85,0.56
786,Spain,2004,Spain_2004,0.84,1.0,0.89,0.92,0.85,0.56
787,Spain,2005,Spain_2005,0.84,1.0,0.89,0.92,0.85,0.56
788,Spain,2006,Spain_2006,0.84,1.0,0.89,0.92,0.85,0.56
789,Spain,2007,Spain_2007,0.84,1.0,0.89,0.92,0.85,0.56
790,Spain,2008,Spain_2008,0.84,1.0,0.89,0.92,0.85,0.56
791,Spain,2009,Spain_2009,0.84,1.0,0.89,0.92,0.85,0.56
792,Spain,2010,Spain_2010,0.87,1.0,1.0,0.92,0.85,0.56
793,Spain,2011,Spain_2011,0.87,1.0,1.0,0.92,0.85,0.56
794,Spain,2012,Spain_2012,0.87,1.0,1.0,0.92,0.85,0.56
795,Spain,2013,Spain_2013,0.87,1.0,1.0,0.92,0.85,0.56
796,Spain,2014,Spain_2014,0.87,1.0,1.0,0.92,0.85,0.56
797,Spain,2015,Spain_2015,0.87,1.0,1.0,0.92,0.85,0.56
798,Spain,2016,Spain_2016,0.87,1.0,1.0,0.92,0.85,0.56
799,Spain,2017,Spain_2017,0.87,1.0,1.0,0.92,0.85,0.56
800,Spain,2018,Spain_2018,0.87,1.0,1.0,0.92,0.85,0.56
801,Spain,2019,Spain_2019,0.86,1.0,1.0,0.88,0.85,0.56
802,Spain,2020,Spain_2020,0.86,1.0,1.0,0.88,0.85,0.56
803,Spain,2021,Spain_2021,0.86,1.0,1.0,0.88,0.85,0.56
804,Spain,2022,Spain_2022,0.86,1.0,1.0,0.88,0.85,0.56
805,Sweden,2000,Sweden_2000,0.6,0.33,0.94,0.5,0.7,0.54
806,Sweden,2001,Sweden_2001,0.6,0.33,0.94,0.5,0.7,0.54
807,Sweden,2002,Sweden_2002,0.6,0.33,0.94,0.5,0.7,0.54
808,Sweden,2003,Sweden_2003,0.6,0.33,0.94,0.5,0.7,0.54
809,Sweden,2004,Sweden_2004,0.6,0.33,0.94,0.5,0.7,0.54
810,Sweden,2005,Sweden_2005,0.6,0.33,0.94,0.5,0.7,0.54
811,Sweden,2006,Sweden_2006,0.6,0.33,0.94,0.5,0.7,0.54
812,Sweden,2007,Sweden_2007,0.6,0.33,0.94,0.5,0.7,0.54
813,Sweden,2008,Sweden_2008,0.6,0.33,0.94,0.5,0.7,0.54
814,Sweden,2009,Sweden_2009,0.6,0.33,0.94,0.5,0.7,0.54
815,Sweden,2010,Sweden_2010,0.6,0.33,0.94,0.5,0.7,0.54
816,Sweden,2011,Sweden_2011,0.7,0.67,1.0,0.5,0.78,0.54
817,Sweden,2012,Sweden_2012,0.7,0.67,1.0,0.5,0.78,0.54
818,Sweden,2013,Sweden_2013,0.7,0.67,1.0,0.5,0.78,0.54
819,Sweden,2014,Sweden_2014,0.7,0.67,1.0,0.5,0.78,0.54
820,Sweden,2015,Sweden_2015,0.7,0.67,1.0,0.5,0.78,0.54
821,Sweden,2016,Sweden_2016,0.7,0.67,1.0,0.5,0.78,0.54
822,Sweden,2017,Sweden_2017,0.7,0.67,1.0,0.5,0.78,0.54
823,Sweden,2018,Sweden_2018,0.7,0.67,1.0,0.5,0.78,0.54
824,Sweden,2019,Sweden_2019,0.7,0.67,1.0,0.5,0.78,0.54
825,Sweden,2020,Sweden_2020,0.7,0.67,1.0,0.5,0.78,0.54
826,Sweden,2021,Sweden_2021,0.7,0.67,1.0,0.5,0.78,0.54
827,Sweden,2022,Sweden_2022,0.7,0.67,1.0,0.5,0.78,0.54
828,Switzerland,2000,Switzerland_2000,0.6,0.5,0.89,0.75,0.11,0.74
829,Switzerland,2001,Switzerland_2001,0.59,0.5,0.89,0.71,0.11,0.74
830,Switzerland,2002,Switzerland_2002,0.59,0.5,0.89,0.71,0.11,0.74
831,Switzerland,2003,Switzerland_2003,0.57,0.5,0.89,0.62,0.11,0.74
832,Switzerland,2004,Switzerland_2004,0.57,0.5,0.89,0.62,0.11,0.74
833,Switzerland,2005,Switzerland_2005,0.57,0.5,0.89,0.62,0.11,0.74
834,Switzerland,2006,Switzerland_2006,0.57,0.5,0.89,0.62,0.11,0.74
835,Switzerland,2007,Switzerland_2007,0.63,0.5,0.89,0.62,0.4,0.76
836,Switzerland,2008,Switzerland_2008,0.63,0.5,0.89,0.62,0.4,0.76
837,Switzerland,2009,Switzerland_2009,0.63,0.5,0.89,0.62,0.4,0.76
838,Switzerland,2010,Switzerland_2010,0.63,0.5,0.89,0.62,0.4,0.76
839,Switzerland,2011,Switzerland_2011,0.65,0.5,0.89,0.71,0.4,0.76
840,Switzerland,2012,Switzerland_2012,0.65,0.5,0.89,0.71,0.4,0.76
841,Switzerland,2013,Switzerland_2013,0.65,0.5,0.89,0.71,0.4,0.76
842,Switzerland,2014,Switzerland_2014,0.65,0.5,0.89,0.71,0.4,0.76
843,Switzerland,2015,Switzerland_2015,0.65,0.5,0.89,0.71,0.4,0.76
844,Switzerland,2016,Switzerland_2016,0.65,0.5,0.89,0.71,0.4,0.76
845,Switzerland,2017,Switzerland_2017,0.65,0.5,0.89,0.71,0.4,0.76
846,Switzerland,2018,Switzerland_2018,0.65,0.5,0.89,0.71,0.4,0.76
847,Switzerland,2019,Switzerland_2019,0.65,0.5,0.89,0.71,0.4,0.76
848,Switzerland,2020,Switzerland_2020,0.65,0.5,0.89,0.71,0.4,0.76
849,Switzerland,2021,Switzerland_2021,0.65,0.5,0.89,0.71,0.4,0.76
850,Switzerland,2022,Switzerland_2022,0.65,0.5,0.89,0.71,0.4,0.76
851,Turkey,2000,Turkey_2000,0.63,0.78,0.72,0.75,0.58,0.33
852,Turkey,2001,Turkey_2001,0.63,0.78,0.72,0.75,0.58,0.33
853,Turkey,2002,Turkey_2002,0.63,0.78,0.72,0.75,0.58,0.33
854,Turkey,2003,Turkey_2003,0.63,0.78,0.72,0.75,0.58,0.33
855,Turkey,2004,Turkey_2004,0.64,0.72,0.72,0.75,0.69,0.33
856,Turkey,2005,Turkey_2005,0.64,0.72,0.72,0.75,0.69,0.33
857,Turkey,2006,Turkey_2006,0.64,0.72,0.72,0.75,0.69,0.33
858,Turkey,2007,Turkey_2007,0.64,0.72,0.72,0.75,0.69,0.33
859,Turkey,2008,Turkey_2008,0.64,0.72,0.72,0.75,0.69,0.33
860,Turkey,2009,Turkey_2009,0.64,0.72,0.72,0.75,0.69,0.33
861,Turkey,2010,Turkey_2010,0.65,0.72,0.72,0.75,0.75,0.33
862,Turkey,2011,Turkey_2011,0.65,0.72,0.72,0.75,0.75,0.33
863,Turkey,2012,Turkey_2012,0.65,0.72,0.72,0.75,0.75,0.33
864,Turkey,2013,Turkey_2013,0.65,0.72,0.72,0.75,0.75,0.33
865,Turkey,2014,Turkey_2014,0.65,0.72,0.72,0.75,0.75,0.33
866,Turkey,2015,Turkey_2015,0.65,0.72,0.72,0.75,0.75,0.33
867,Turkey,2016,Turkey_2016,0.64,0.72,0.72,0.67,0.75,0.33
868,Turkey,2017,Turkey_2017,0.64,0.72,0.72,0.67,0.75,0.33
869,Turkey,2018,Turkey_2018,0.63,0.72,0.72,0.67,0.78,0.28
870,Turkey,2019,Turkey_2019,0.63,0.72,0.72,0.67,0.78,0.28
871,Turkey,2020,Turkey_2020,0.63,0.72,0.72,0.67,0.78,0.28
872,Turkey,2021,Turkey_2021,0.63,0.72,0.72,0.67,0.78,0.28
873,Turkey,2022,Turkey_2022,0.63,0.72,0.72,0.67,0.78,0.28
874,Ukraine,2000,Ukraine_2000,0.59,0.39,0.72,0.67,0.64,0.52
875,Ukraine,2001,Ukraine_2001,0.59,0.39,0.72,0.67,0.64,0.52
876,Ukraine,2002,Ukraine_2002,0.62,0.56,0.72,0.67,0.64,0.52
877,Ukraine,2003,Ukraine_2003,0.62,0.56,0.72,0.67,0.64,0.52
878,Ukraine,2004,Ukraine_2004,0.62,0.56,0.72,0.67,0.64,0.52
879,Ukraine,2005,Ukraine_2005,0.62,0.56,0.72,0.67,0.64,0.52
880,Ukraine,2006,Ukraine_2006,0.62,0.56,0.72,0.67,0.64,0.52
881,Ukraine,2007,Ukraine_2007,0.62,0.56,0.72,0.67,0.64,0.52
882,Ukraine,2008,Ukraine_2008,0.62,0.56,0.72,0.67,0.64,0.52
883,Ukraine,2009,Ukraine_2009,0.62,0.56,0.72,0.67,0.64,0.52
884,Ukraine,2010,Ukraine_2010,0.76,0.5,1.0,0.71,1.0,0.58
885,Ukraine,2011,Ukraine_2011,0.76,0.5,1.0,0.71,1.0,0.58
886,Ukraine,2012,Ukraine_2012,0.76,0.5,1.0,0.71,1.0,0.58
887,Ukraine,2013,Ukraine_2013,0.76,0.5,1.0,0.71,1.0,0.58
888,Ukraine,2014,Ukraine_2014,0.76,0.5,1.0,0.71,1.0,0.58
889,Ukraine,2015,Ukraine_2015,0.76,0.5,1.0,0.71,1.0,0.58
890,Ukraine,2016,Ukraine_2016,0.77,0.5,1.0,0.79,1.0,0.58
891,Ukraine,2017,Ukraine_2017,0.77,0.5,1.0,0.79,1.0,0.58
892,Ukraine,2018,Ukraine_2018,0.77,0.5,1.0,0.79,1.0,0.58
893,Ukraine,2019,Ukraine_2019,0.77,0.5,1.0,0.79,1.0,0.58
894,Ukraine,2020,Ukraine_2020,0.77,0.5,1.0,0.79,1.0,0.58
895,Ukraine,2021,Ukraine_2021,0.77,0.5,1.0,0.79,1.0,0.58
896,Ukraine,2022,Ukraine_2022,0.77,0.5,1.0,0.79,1.0,0.58
897,United Kingdom,2000,United Kingdom_2000,0.47,0.0,0.69,0.83,0.22,0.63
898,United Kingdom,2001,United Kingdom_2001,0.47,0.0,0.69,0.83,0.22,0.63
899,United Kingdom,2002,United Kingdom_2002,0.47,0.0,0.69,0.83,0.22,0.63
900,United Kingdom,2003,United Kingdom_2003,0.47,0.0,0.69,0.83,0.22,0.63
901,United Kingdom,2004,United Kingdom_2004,0.47,0.0,0.69,0.83,0.22,0.63
902,United Kingdom,2005,United Kingdom_2005,0.5,0.0,0.69,0.83,0.22,0.74
903,United Kingdom,2006,United Kingdom_2006,0.6,0.22,0.89,0.83,0.33,0.74
904,United Kingdom,2007,United Kingdom_2007,0.6,0.22,0.89,0.83,0.33,0.74
905,United Kingdom,2008,United Kingdom_2008,0.6,0.22,0.89,0.83,0.33,0.74
906,United Kingdom,2009,United Kingdom_2009,0.62,0.33,0.89,0.83,0.33,0.74
907,United Kingdom,2010,United Kingdom_2010,0.62,0.33,0.89,0.83,0.33,0.74
908,United Kingdom,2011,United Kingdom_2011,0.62,0.33,0.89,0.83,0.33,0.74
909,United Kingdom,2012,United Kingdom_2012,0.62,0.33,0.89,0.83,0.33,0.74
910,United Kingdom,2013,United Kingdom_2013,0.62,0.33,0.89,0.83,0.33,0.74
911,United Kingdom,2014,United Kingdom_2014,0.62,0.33,0.89,0.83,0.33,0.74
912,United Kingdom,2015,United Kingdom_2015,0.62,0.33,0.89,0.83,0.33,0.74
913,United Kingdom,2016,United Kingdom_2016,0.62,0.33,0.89,0.83,0.33,0.74
914,United Kingdom,2017,United Kingdom_2017,0.62,0.33,0.89,0.83,0.33,0.74
915,United Kingdom,2018,United Kingdom_2018,0.62,0.33,0.89,0.83,0.33,0.74
916,United Kingdom,2019,United Kingdom_2019,0.62,0.33,0.89,0.83,0.33,0.74
917,United Kingdom,2020,United Kingdom_2020,0.62,0.33,0.89,0.83,0.33,0.74
918,United Kingdom,2021,United Kingdom_2021,0.62,0.33,0.89,0.83,0.33,0.74
919,United Kingdom,2022,United Kingdom_2022,0.62,0.33,0.89,0.83,0.33,0.74
