country,year,reg_type,v2x_regime,v2x_polyarchy
Sweden,2000,1.0,3.0,0.914
Sweden,2001,1.0,3.0,0.914
Sweden,2002,1.0,3.0,0.914
Sweden,2003,1.0,3.0,0.915
Sweden,2004,1.0,3.0,0.915
Sweden,2005,1.0,3.0,0.915
Sweden,2006,1.0,3.0,0.915
Sweden,2007,1.0,3.0,0.916
Sweden,2008,1.0,3.0,0.916
Sweden,2009,1.0,3.0,0.916
Sweden,2010,1.0,3.0,0.915
Sweden,2011,1.0,3.0,0.917
Sweden,2012,1.0,3.0,0.919
Sweden,2013,1.0,3.0,0.917
Sweden,2014,1.0,3.0,0.916
Sweden,2015,1.0,3.0,0.915
Sweden,2016,1.0,3.0,0.914
Sweden,2017,1.0,3.0,0.914
Sweden,2018,1.0,3.0,0.909
Sweden,2019,1.0,3.0,0.901
Sweden,2020,1.0,3.0,0.901
Sweden,2021,1.0,3.0,0.901
Sweden,2022,1.0,3.0,0.896
Switzerland,2000,1.0,3.0,0.888
Switzerland,2001,1.0,3.0,0.888
Switzerland,2002,1.0,3.0,0.888
Switzerland,2003,1.0,3.0,0.888
Switzerland,2004,1.0,3.0,0.888
Switzerland,2005,1.0,3.0,0.888
Switzerland,2006,1.0,3.0,0.888
Switzerland,2007,1.0,3.0,0.89
Switzerland,2008,1.0,3.0,0.898
Switzerland,2009,1.0,3.0,0.898
Switzerland,2010,1.0,3.0,0.898
Switzerland,2011,1.0,3.0,0.9
Switzerland,2012,1.0,3.0,0.905
Switzerland,2013,1.0,3.0,0.905
Switzerland,2014,1.0,3.0,0.905
Switzerland,2015,1.0,3.0,0.904
Switzerland,2016,1.0,3.0,0.905
Switzerland,2017,1.0,3.0,0.908
Switzerland,2018,1.0,3.0,0.908
Switzerland,2019,1.0,3.0,0.907
Switzerland,2020,1.0,3.0,0.901
Switzerland,2021,1.0,3.0,0.897
Switzerland,2022,1.0,3.0,0.897
Russia,2000,0.0,1.0,0.405
Russia,2001,0.0,1.0,0.374
Russia,2002,0.0,1.0,0.35
Russia,2003,0.0,1.0,0.342
Russia,2004,0.0,1.0,0.319
Russia,2005,0.0,1.0,0.317
Russia,2006,0.0,1.0,0.316
Russia,2007,0.0,1.0,0.312
Russia,2008,0.0,1.0,0.305
Russia,2009,0.0,1.0,0.307
Russia,2010,0.0,1.0,0.303
Russia,2011,0.0,1.0,0.296
Russia,2012,0.0,1.0,0.277
Russia,2013,0.0,1.0,0.275
Russia,2014,0.0,1.0,0.264
Russia,2015,0.0,1.0,0.264
Russia,2016,0.0,1.0,0.26
Russia,2017,0.0,1.0,0.261
Russia,2018,0.0,1.0,0.263
Russia,2019,0.0,1.0,0.26
Russia,2020,0.0,1.0,0.258
Russia,2021,0.0,1.0,0.244
Russia,2022,0.0,1.0,0.208
Albania,2000,0.0,1.0,0.407
Albania,2001,0.0,1.0,0.44
Albania,2002,0.0,1.0,0.484
Albania,2003,0.0,1.0,0.49
Albania,2004,0.0,1.0,0.49
Albania,2005,1.0,2.0,0.52
Albania,2006,1.0,2.0,0.551
Albania,2007,1.0,2.0,0.556
Albania,2008,1.0,2.0,0.552
Albania,2009,1.0,2.0,0.553
Albania,2010,1.0,2.0,0.551
Albania,2011,1.0,2.0,0.551
Albania,2012,1.0,2.0,0.547
Albania,2013,1.0,2.0,0.524
Albania,2014,1.0,2.0,0.527
Albania,2015,1.0,2.0,0.527
Albania,2016,1.0,2.0,0.529
Albania,2017,1.0,2.0,0.54
Albania,2018,1.0,2.0,0.527
Albania,2019,1.0,2.0,0.517
Albania,2020,1.0,2.0,0.536
Albania,2021,1.0,2.0,0.53
Albania,2022,1.0,2.0,0.523
Poland,2000,1.0,3.0,0.876
Poland,2001,1.0,3.0,0.88
Poland,2002,1.0,3.0,0.881
Poland,2003,1.0,3.0,0.881
Poland,2004,1.0,3.0,0.881
Poland,2005,1.0,3.0,0.882
Poland,2006,1.0,3.0,0.88
Poland,2007,1.0,3.0,0.875
Poland,2008,1.0,3.0,0.889
Poland,2009,1.0,3.0,0.889
Poland,2010,1.0,3.0,0.889
Poland,2011,1.0,3.0,0.891
Poland,2012,1.0,3.0,0.892
Poland,2013,1.0,3.0,0.893
Poland,2014,1.0,3.0,0.885
Poland,2015,1.0,3.0,0.875
Poland,2016,1.0,2.0,0.728
Poland,2017,1.0,2.0,0.69
Poland,2018,1.0,2.0,0.688
Poland,2019,1.0,2.0,0.684
Poland,2020,1.0,2.0,0.613
Poland,2021,1.0,2.0,0.587
Poland,2022,1.0,2.0,0.579
Portugal,2000,1.0,3.0,0.876
Portugal,2001,1.0,3.0,0.878
Portugal,2002,1.0,3.0,0.883
Portugal,2003,1.0,3.0,0.883
Portugal,2004,1.0,3.0,0.883
Portugal,2005,1.0,3.0,0.895
Portugal,2006,1.0,3.0,0.9
Portugal,2007,1.0,3.0,0.9
Portugal,2008,1.0,3.0,0.896
Portugal,2009,1.0,3.0,0.897
Portugal,2010,1.0,3.0,0.898
Portugal,2011,1.0,3.0,0.887
Portugal,2012,1.0,3.0,0.888
Portugal,2013,1.0,3.0,0.884
Portugal,2014,1.0,3.0,0.884
Portugal,2015,1.0,3.0,0.889
Portugal,2016,1.0,3.0,0.889
Portugal,2017,1.0,3.0,0.898
Portugal,2018,1.0,3.0,0.899
Portugal,2019,1.0,3.0,0.883
Portugal,2020,1.0,3.0,0.886
Portugal,2021,1.0,3.0,0.89
Portugal,2022,1.0,3.0,0.844
France,2000,1.0,3.0,0.876
France,2001,1.0,3.0,0.876
France,2002,1.0,3.0,0.878
France,2003,1.0,3.0,0.879
France,2004,1.0,3.0,0.879
France,2005,1.0,3.0,0.879
France,2006,1.0,3.0,0.879
France,2007,1.0,3.0,0.882
France,2008,1.0,3.0,0.889
France,2009,1.0,3.0,0.889
France,2010,1.0,3.0,0.889
France,2011,1.0,3.0,0.89
France,2012,1.0,3.0,0.893
France,2013,1.0,3.0,0.894
France,2014,1.0,3.0,0.895
France,2015,1.0,3.0,0.895
France,2016,1.0,3.0,0.895
France,2017,1.0,3.0,0.892
France,2018,1.0,3.0,0.883
France,2019,1.0,3.0,0.874
France,2020,1.0,3.0,0.872
France,2021,1.0,3.0,0.875
France,2022,1.0,3.0,0.879
Germany,2000,1.0,3.0,0.897
Germany,2001,1.0,3.0,0.897
Germany,2002,1.0,3.0,0.897
Germany,2003,1.0,3.0,0.897
Germany,2004,1.0,3.0,0.897
Germany,2005,1.0,3.0,0.897
Germany,2006,1.0,3.0,0.907
Germany,2007,1.0,3.0,0.907
Germany,2008,1.0,3.0,0.907
Germany,2009,1.0,3.0,0.902
Germany,2010,1.0,3.0,0.9
Germany,2011,1.0,3.0,0.904
Germany,2012,1.0,3.0,0.903
Germany,2013,1.0,3.0,0.899
Germany,2014,1.0,3.0,0.892
Germany,2015,1.0,3.0,0.89
Germany,2016,1.0,3.0,0.889
Germany,2017,1.0,3.0,0.893
Germany,2018,1.0,3.0,0.883
Germany,2019,1.0,3.0,0.883
Germany,2020,1.0,3.0,0.873
Germany,2021,1.0,3.0,0.866
Germany,2022,1.0,3.0,0.856
Ireland,2000,1.0,3.0,0.891
Ireland,2001,1.0,3.0,0.891
Ireland,2002,1.0,3.0,0.89
Ireland,2003,1.0,3.0,0.89
Ireland,2004,1.0,3.0,0.89
Ireland,2005,1.0,3.0,0.89
Ireland,2006,1.0,3.0,0.89
Ireland,2007,1.0,3.0,0.896
Ireland,2008,1.0,3.0,0.9
Ireland,2009,1.0,3.0,0.9
Ireland,2010,1.0,3.0,0.9
Ireland,2011,1.0,3.0,0.899
Ireland,2012,1.0,3.0,0.899
Ireland,2013,1.0,3.0,0.899
Ireland,2014,1.0,3.0,0.899
Ireland,2015,1.0,3.0,0.899
Ireland,2016,1.0,3.0,0.892
Ireland,2017,1.0,3.0,0.892
Ireland,2018,1.0,3.0,0.893
Ireland,2019,1.0,3.0,0.892
Ireland,2020,1.0,3.0,0.893
Ireland,2021,1.0,3.0,0.899
Ireland,2022,1.0,3.0,0.892
Italy,2000,1.0,3.0,0.845
Italy,2001,1.0,3.0,0.836
Italy,2002,1.0,3.0,0.84
Italy,2003,1.0,3.0,0.84
Italy,2004,1.0,3.0,0.84
Italy,2005,1.0,3.0,0.847
Italy,2006,1.0,3.0,0.856
Italy,2007,1.0,3.0,0.867
Italy,2008,1.0,3.0,0.858
Italy,2009,1.0,3.0,0.853
Italy,2010,1.0,3.0,0.853
Italy,2011,1.0,3.0,0.861
Italy,2012,1.0,3.0,0.87
Italy,2013,1.0,3.0,0.862
Italy,2014,1.0,3.0,0.862
Italy,2015,1.0,3.0,0.862
Italy,2016,1.0,3.0,0.869
Italy,2017,1.0,3.0,0.867
Italy,2018,1.0,3.0,0.868
Italy,2019,1.0,3.0,0.857
Italy,2020,1.0,3.0,0.857
Italy,2021,1.0,3.0,0.857
Italy,2022,1.0,3.0,0.85
Latvia,2000,1.0,2.0,0.817
Latvia,2001,1.0,2.0,0.817
Latvia,2002,1.0,2.0,0.817
Latvia,2003,1.0,2.0,0.822
Latvia,2004,1.0,2.0,0.822
Latvia,2005,1.0,2.0,0.822
Latvia,2006,1.0,2.0,0.814
Latvia,2007,1.0,2.0,0.794
Latvia,2008,1.0,2.0,0.792
Latvia,2009,1.0,2.0,0.791
Latvia,2010,1.0,3.0,0.799
Latvia,2011,1.0,3.0,0.822
Latvia,2012,1.0,3.0,0.824
Latvia,2013,1.0,2.0,0.838
Latvia,2014,1.0,3.0,0.841
Latvia,2015,1.0,3.0,0.847
Latvia,2016,1.0,2.0,0.843
Latvia,2017,1.0,3.0,0.837
Latvia,2018,1.0,3.0,0.835
Latvia,2019,1.0,3.0,0.834
Latvia,2020,1.0,3.0,0.826
Latvia,2021,1.0,3.0,0.834
Latvia,2022,1.0,3.0,0.831
Spain,2000,1.0,3.0,0.891
Spain,2001,1.0,3.0,0.891
Spain,2002,1.0,3.0,0.891
Spain,2003,1.0,3.0,0.876
Spain,2004,1.0,3.0,0.874
Spain,2005,1.0,3.0,0.876
Spain,2006,1.0,3.0,0.877
Spain,2007,1.0,3.0,0.876
Spain,2008,1.0,3.0,0.885
Spain,2009,1.0,3.0,0.887
Spain,2010,1.0,3.0,0.891
Spain,2011,1.0,3.0,0.893
Spain,2012,1.0,3.0,0.891
Spain,2013,1.0,3.0,0.874
Spain,2014,1.0,3.0,0.873
Spain,2015,1.0,3.0,0.858
Spain,2016,1.0,3.0,0.851
Spain,2017,1.0,3.0,0.84
Spain,2018,1.0,3.0,0.855
Spain,2019,1.0,3.0,0.874
Spain,2020,1.0,3.0,0.877
Spain,2021,1.0,3.0,0.851
Spain,2022,1.0,3.0,0.866
Turkey,2000,1.0,2.0,0.585
Turkey,2001,1.0,2.0,0.589
Turkey,2002,1.0,2.0,0.642
Turkey,2003,1.0,2.0,0.656
Turkey,2004,1.0,2.0,0.663
Turkey,2005,1.0,2.0,0.65
Turkey,2006,1.0,2.0,0.65
Turkey,2007,1.0,2.0,0.626
Turkey,2008,1.0,2.0,0.561
Turkey,2009,1.0,2.0,0.547
Turkey,2010,1.0,2.0,0.529
Turkey,2011,1.0,2.0,0.521
Turkey,2012,1.0,2.0,0.512
Turkey,2013,0.0,1.0,0.467
Turkey,2014,0.0,1.0,0.423
Turkey,2015,0.0,1.0,0.386
Turkey,2016,0.0,1.0,0.305
Turkey,2017,0.0,1.0,0.291
Turkey,2018,0.0,1.0,0.294
Turkey,2019,0.0,1.0,0.29
Turkey,2020,0.0,1.0,0.289
Turkey,2021,0.0,1.0,0.288
Turkey,2022,0.0,1.0,0.284
Ukraine,2000,0.0,1.0,0.385
Ukraine,2001,0.0,1.0,0.379
Ukraine,2002,0.0,1.0,0.388
Ukraine,2003,0.0,1.0,0.388
Ukraine,2004,0.0,1.0,0.379
Ukraine,2005,0.0,1.0,0.447
Ukraine,2006,1.0,2.0,0.57
Ukraine,2007,1.0,2.0,0.601
Ukraine,2008,1.0,2.0,0.609
Ukraine,2009,1.0,2.0,0.608
Ukraine,2010,0.0,1.0,0.491
Ukraine,2011,0.0,1.0,0.479
Ukraine,2012,0.0,1.0,0.476
Ukraine,2013,0.0,1.0,0.459
Ukraine,2014,0.0,1.0,0.41
Ukraine,2015,0.0,1.0,0.417
Ukraine,2016,0.0,1.0,0.426
Ukraine,2017,0.0,1.0,0.421
Ukraine,2018,0.0,1.0,0.425
Ukraine,2019,1.0,2.0,0.524
Ukraine,2020,1.0,2.0,0.546
Ukraine,2021,1.0,2.0,0.533
Ukraine,2022,1.0,1.0,0.41
United Kingdom,2000,1.0,3.0,0.852
United Kingdom,2001,1.0,3.0,0.861
United Kingdom,2002,1.0,3.0,0.857
United Kingdom,2003,1.0,3.0,0.857
United Kingdom,2004,1.0,3.0,0.857
United Kingdom,2005,1.0,3.0,0.863
United Kingdom,2006,1.0,3.0,0.869
United Kingdom,2007,1.0,3.0,0.869
United Kingdom,2008,1.0,3.0,0.869
United Kingdom,2009,1.0,3.0,0.869
United Kingdom,2010,1.0,3.0,0.867
United Kingdom,2011,1.0,3.0,0.867
United Kingdom,2012,1.0,3.0,0.868
United Kingdom,2013,1.0,3.0,0.867
United Kingdom,2014,1.0,3.0,0.866
United Kingdom,2015,1.0,3.0,0.857
United Kingdom,2016,1.0,3.0,0.856
United Kingdom,2017,1.0,3.0,0.864
United Kingdom,2018,1.0,3.0,0.875
United Kingdom,2019,1.0,3.0,0.857
United Kingdom,2020,1.0,3.0,0.874
United Kingdom,2021,1.0,3.0,0.864
United Kingdom,2022,1.0,3.0,0.843
Armenia,2000,0.0,1.0,0.424
Armenia,2001,0.0,1.0,0.427
Armenia,2002,0.0,1.0,0.417
Armenia,2003,0.0,1.0,0.356
Armenia,2004,0.0,1.0,0.346
Armenia,2005,0.0,1.0,0.345
Armenia,2006,0.0,1.0,0.345
Armenia,2007,0.0,1.0,0.352
Armenia,2008,0.0,1.0,0.317
Armenia,2009,0.0,1.0,0.319
Armenia,2010,0.0,1.0,0.332
Armenia,2011,0.0,1.0,0.336
Armenia,2012,0.0,1.0,0.356
Armenia,2013,0.0,1.0,0.354
Armenia,2014,0.0,1.0,0.348
Armenia,2015,0.0,1.0,0.35
Armenia,2016,0.0,1.0,0.356
Armenia,2017,0.0,1.0,0.386
Armenia,2018,1.0,2.0,0.529
Armenia,2019,1.0,2.0,0.8
Armenia,2020,1.0,2.0,0.784
Armenia,2021,1.0,2.0,0.729
Armenia,2022,1.0,2.0,0.651
Azerbaijan,2000,0.0,1.0,0.249
Azerbaijan,2001,0.0,1.0,0.244
Azerbaijan,2002,0.0,1.0,0.241
Azerbaijan,2003,0.0,1.0,0.239
Azerbaijan,2004,0.0,1.0,0.223
Azerbaijan,2005,0.0,1.0,0.223
Azerbaijan,2006,0.0,1.0,0.22
Azerbaijan,2007,0.0,1.0,0.217
Azerbaijan,2008,0.0,1.0,0.214
Azerbaijan,2009,0.0,1.0,0.213
Azerbaijan,2010,0.0,1.0,0.213
Azerbaijan,2011,0.0,1.0,0.208
Azerbaijan,2012,0.0,1.0,0.206
Azerbaijan,2013,0.0,1.0,0.203
Azerbaijan,2014,0.0,1.0,0.196
Azerbaijan,2015,0.0,1.0,0.195
Azerbaijan,2016,0.0,1.0,0.199
Azerbaijan,2017,0.0,1.0,0.2
Azerbaijan,2018,0.0,1.0,0.193
Azerbaijan,2019,0.0,1.0,0.194
Azerbaijan,2020,0.0,1.0,0.193
Azerbaijan,2021,0.0,1.0,0.193
Azerbaijan,2022,0.0,1.0,0.186
Georgia,2000,0.0,1.0,0.375
Georgia,2001,0.0,1.0,0.384
Georgia,2002,0.0,1.0,0.382
Georgia,2003,0.0,1.0,0.385
Georgia,2004,1.0,2.0,0.55
Georgia,2005,1.0,2.0,0.55
Georgia,2006,1.0,2.0,0.549
Georgia,2007,1.0,2.0,0.545
Georgia,2008,0.0,1.0,0.495
Georgia,2009,0.0,1.0,0.488
Georgia,2010,1.0,2.0,0.501
Georgia,2011,1.0,2.0,0.503
Georgia,2012,1.0,2.0,0.514
Georgia,2013,1.0,2.0,0.621
Georgia,2014,1.0,2.0,0.674
Georgia,2015,1.0,2.0,0.673
Georgia,2016,1.0,2.0,0.693
Georgia,2017,1.0,2.0,0.69
Georgia,2018,1.0,2.0,0.676
Georgia,2019,1.0,2.0,0.635
Georgia,2020,1.0,2.0,0.629
Georgia,2021,1.0,2.0,0.635
Georgia,2022,1.0,2.0,0.633
Moldova,2000,1.0,2.0,0.58
Moldova,2001,1.0,2.0,0.509
Moldova,2002,1.0,2.0,0.504
Moldova,2003,1.0,2.0,0.504
Moldova,2004,1.0,2.0,0.508
Moldova,2005,0.0,1.0,0.451
Moldova,2006,0.0,1.0,0.437
Moldova,2007,0.0,1.0,0.434
Moldova,2008,0.0,1.0,0.434
Moldova,2009,0.0,1.0,0.455
Moldova,2010,1.0,2.0,0.602
Moldova,2011,1.0,2.0,0.67
Moldova,2012,1.0,2.0,0.659
Moldova,2013,1.0,2.0,0.63
Moldova,2014,1.0,2.0,0.618
Moldova,2015,1.0,2.0,0.563
Moldova,2016,1.0,2.0,0.53
Moldova,2017,1.0,2.0,0.505
Moldova,2018,1.0,2.0,0.501
Moldova,2019,1.0,2.0,0.584
Moldova,2020,1.0,2.0,0.654
Moldova,2021,1.0,2.0,0.758
Moldova,2022,1.0,2.0,0.763
Austria,2000,1.0,3.0,0.86
Austria,2001,1.0,3.0,0.86
Austria,2002,1.0,3.0,0.86
Austria,2003,1.0,3.0,0.859
Austria,2004,1.0,3.0,0.861
Austria,2005,1.0,3.0,0.862
Austria,2006,1.0,3.0,0.865
Austria,2007,1.0,3.0,0.873
Austria,2008,1.0,3.0,0.874
Austria,2009,1.0,3.0,0.876
Austria,2010,1.0,3.0,0.873
Austria,2011,1.0,3.0,0.875
Austria,2012,1.0,3.0,0.875
Austria,2013,1.0,3.0,0.875
Austria,2014,1.0,3.0,0.873
Austria,2015,1.0,3.0,0.873
Austria,2016,1.0,3.0,0.851
Austria,2017,1.0,3.0,0.853
Austria,2018,1.0,3.0,0.853
Austria,2019,1.0,3.0,0.862
Austria,2020,1.0,3.0,0.859
Austria,2021,1.0,2.0,0.851
Austria,2022,1.0,2.0,0.836
Belgium,2000,1.0,3.0,0.885
Belgium,2001,1.0,3.0,0.885
Belgium,2002,1.0,3.0,0.885
Belgium,2003,1.0,3.0,0.886
Belgium,2004,1.0,3.0,0.864
Belgium,2005,1.0,3.0,0.881
Belgium,2006,1.0,3.0,0.886
Belgium,2007,1.0,3.0,0.892
Belgium,2008,1.0,3.0,0.898
Belgium,2009,1.0,3.0,0.898
Belgium,2010,1.0,3.0,0.898
Belgium,2011,1.0,3.0,0.898
Belgium,2012,1.0,3.0,0.898
Belgium,2013,1.0,3.0,0.904
Belgium,2014,1.0,3.0,0.903
Belgium,2015,1.0,3.0,0.902
Belgium,2016,1.0,3.0,0.902
Belgium,2017,1.0,3.0,0.901
Belgium,2018,1.0,3.0,0.901
Belgium,2019,1.0,3.0,0.9
Belgium,2020,1.0,3.0,0.894
Belgium,2021,1.0,3.0,0.895
Belgium,2022,1.0,3.0,0.895
Bosnia and Herzegovina,2000,1.0,2.0,0.627
Bosnia and Herzegovina,2001,1.0,2.0,0.625
Bosnia and Herzegovina,2002,1.0,2.0,0.632
Bosnia and Herzegovina,2003,1.0,2.0,0.656
Bosnia and Herzegovina,2004,1.0,2.0,0.642
Bosnia and Herzegovina,2005,1.0,2.0,0.642
Bosnia and Herzegovina,2006,1.0,2.0,0.623
Bosnia and Herzegovina,2007,1.0,2.0,0.566
Bosnia and Herzegovina,2008,1.0,2.0,0.561
Bosnia and Herzegovina,2009,1.0,2.0,0.564
Bosnia and Herzegovina,2010,1.0,2.0,0.573
Bosnia and Herzegovina,2011,1.0,2.0,0.574
Bosnia and Herzegovina,2012,1.0,2.0,0.573
Bosnia and Herzegovina,2013,1.0,2.0,0.562
Bosnia and Herzegovina,2014,1.0,2.0,0.561
Bosnia and Herzegovina,2015,1.0,2.0,0.548
Bosnia and Herzegovina,2016,1.0,2.0,0.55
Bosnia and Herzegovina,2017,1.0,2.0,0.544
Bosnia and Herzegovina,2018,1.0,2.0,0.519
Bosnia and Herzegovina,2019,1.0,2.0,0.521
Bosnia and Herzegovina,2020,1.0,2.0,0.523
Bosnia and Herzegovina,2021,1.0,2.0,0.512
Bosnia and Herzegovina,2022,1.0,2.0,0.52
Bulgaria,2000,1.0,2.0,0.717
Bulgaria,2001,1.0,2.0,0.698
Bulgaria,2002,1.0,2.0,0.723
Bulgaria,2003,1.0,2.0,0.723
Bulgaria,2004,1.0,2.0,0.721
Bulgaria,2005,1.0,2.0,0.7
Bulgaria,2006,1.0,2.0,0.702
Bulgaria,2007,1.0,2.0,0.709
Bulgaria,2008,1.0,2.0,0.715
Bulgaria,2009,1.0,2.0,0.697
Bulgaria,2010,1.0,2.0,0.68
Bulgaria,2011,1.0,2.0,0.675
Bulgaria,2012,1.0,2.0,0.67
Bulgaria,2013,1.0,2.0,0.66
Bulgaria,2014,1.0,2.0,0.677
Bulgaria,2015,1.0,2.0,0.67
Bulgaria,2016,1.0,2.0,0.671
Bulgaria,2017,1.0,2.0,0.629
Bulgaria,2018,1.0,2.0,0.617
Bulgaria,2019,1.0,2.0,0.611
Bulgaria,2020,1.0,2.0,0.608
Bulgaria,2021,1.0,2.0,0.672
Bulgaria,2022,1.0,2.0,0.692
Croatia,2000,1.0,2.0,0.77
Croatia,2001,1.0,2.0,0.774
Croatia,2002,1.0,2.0,0.773
Croatia,2003,1.0,2.0,0.777
Croatia,2004,1.0,2.0,0.755
Croatia,2005,1.0,2.0,0.777
Croatia,2006,1.0,2.0,0.779
Croatia,2007,1.0,2.0,0.789
Croatia,2008,1.0,2.0,0.786
Croatia,2009,1.0,2.0,0.787
Croatia,2010,1.0,2.0,0.847
Croatia,2011,1.0,2.0,0.855
Croatia,2012,1.0,2.0,0.855
Croatia,2013,1.0,2.0,0.833
Croatia,2014,1.0,2.0,0.832
Croatia,2015,1.0,2.0,0.818
Croatia,2016,1.0,2.0,0.764
Croatia,2017,1.0,2.0,0.735
Croatia,2018,1.0,2.0,0.735
Croatia,2019,1.0,2.0,0.742
Croatia,2020,1.0,2.0,0.768
Croatia,2021,1.0,2.0,0.756
Croatia,2022,1.0,2.0,0.736
Cyprus,2000,1.0,2.0,0.798
Cyprus,2001,1.0,2.0,0.804
Cyprus,2002,1.0,2.0,0.806
Cyprus,2003,1.0,2.0,0.804
Cyprus,2004,1.0,3.0,0.823
Cyprus,2005,1.0,3.0,0.821
Cyprus,2006,1.0,3.0,0.834
Cyprus,2007,1.0,3.0,0.839
Cyprus,2008,1.0,3.0,0.842
Cyprus,2009,1.0,3.0,0.844
Cyprus,2010,1.0,3.0,0.849
Cyprus,2011,1.0,3.0,0.85
Cyprus,2012,1.0,3.0,0.845
Cyprus,2013,1.0,3.0,0.851
Cyprus,2014,1.0,3.0,0.846
Cyprus,2015,1.0,3.0,0.854
Cyprus,2016,1.0,3.0,0.851
Cyprus,2017,1.0,3.0,0.838
Cyprus,2018,1.0,3.0,0.833
Cyprus,2019,1.0,3.0,0.838
Cyprus,2020,1.0,3.0,0.804
Cyprus,2021,1.0,3.0,0.798
Cyprus,2022,1.0,3.0,0.78
Czechia,2000,1.0,3.0,0.88
Czechia,2001,1.0,3.0,0.88
Czechia,2002,1.0,3.0,0.888
Czechia,2003,1.0,3.0,0.895
Czechia,2004,1.0,3.0,0.897
Czechia,2005,1.0,3.0,0.897
Czechia,2006,1.0,3.0,0.901
Czechia,2007,1.0,3.0,0.902
Czechia,2008,1.0,3.0,0.902
Czechia,2009,1.0,3.0,0.895
Czechia,2010,1.0,3.0,0.888
Czechia,2011,1.0,3.0,0.897
Czechia,2012,1.0,3.0,0.897
Czechia,2013,1.0,3.0,0.873
Czechia,2014,1.0,3.0,0.86
Czechia,2015,1.0,3.0,0.86
Czechia,2016,1.0,3.0,0.86
Czechia,2017,1.0,3.0,0.839
Czechia,2018,1.0,3.0,0.82
Czechia,2019,1.0,3.0,0.809
Czechia,2020,1.0,2.0,0.82
Czechia,2021,1.0,2.0,0.797
Czechia,2022,1.0,3.0,0.857
Estonia,2000,1.0,3.0,0.871
Estonia,2001,1.0,3.0,0.871
Estonia,2002,1.0,3.0,0.87
Estonia,2003,1.0,3.0,0.868
Estonia,2004,1.0,3.0,0.871
Estonia,2005,1.0,3.0,0.871
Estonia,2006,1.0,3.0,0.871
Estonia,2007,1.0,3.0,0.873
Estonia,2008,1.0,3.0,0.873
Estonia,2009,1.0,3.0,0.875
Estonia,2010,1.0,3.0,0.884
Estonia,2011,1.0,3.0,0.885
Estonia,2012,1.0,3.0,0.885
Estonia,2013,1.0,3.0,0.883
Estonia,2014,1.0,3.0,0.888
Estonia,2015,1.0,3.0,0.895
Estonia,2016,1.0,3.0,0.907
Estonia,2017,1.0,3.0,0.906
Estonia,2018,1.0,3.0,0.906
Estonia,2019,1.0,3.0,0.895
Estonia,2020,1.0,3.0,0.896
Estonia,2021,1.0,3.0,0.897
Estonia,2022,1.0,3.0,0.895
Finland,2000,1.0,3.0,0.875
Finland,2001,1.0,3.0,0.875
Finland,2002,1.0,3.0,0.875
Finland,2003,1.0,3.0,0.875
Finland,2004,1.0,3.0,0.875
Finland,2005,1.0,3.0,0.875
Finland,2006,1.0,3.0,0.884
Finland,2007,1.0,3.0,0.884
Finland,2008,1.0,3.0,0.884
Finland,2009,1.0,3.0,0.884
Finland,2010,1.0,3.0,0.884
Finland,2011,1.0,3.0,0.885
Finland,2012,1.0,3.0,0.885
Finland,2013,1.0,3.0,0.885
Finland,2014,1.0,3.0,0.885
Finland,2015,1.0,3.0,0.866
Finland,2016,1.0,3.0,0.863
Finland,2017,1.0,3.0,0.866
Finland,2018,1.0,3.0,0.877
Finland,2019,1.0,3.0,0.876
Finland,2020,1.0,3.0,0.874
Finland,2021,1.0,3.0,0.871
Finland,2022,1.0,3.0,0.87
Greece,2000,1.0,3.0,0.885
Greece,2001,1.0,3.0,0.893
Greece,2002,1.0,3.0,0.893
Greece,2003,1.0,3.0,0.893
Greece,2004,1.0,3.0,0.893
Greece,2005,1.0,3.0,0.893
Greece,2006,1.0,3.0,0.893
Greece,2007,1.0,3.0,0.898
Greece,2008,1.0,3.0,0.902
Greece,2009,1.0,3.0,0.902
Greece,2010,1.0,3.0,0.907
Greece,2011,1.0,3.0,0.908
Greece,2012,1.0,3.0,0.901
Greece,2013,1.0,3.0,0.89
Greece,2014,1.0,3.0,0.891
Greece,2015,1.0,3.0,0.88
Greece,2016,1.0,3.0,0.877
Greece,2017,1.0,3.0,0.875
Greece,2018,1.0,3.0,0.866
Greece,2019,1.0,3.0,0.868
Greece,2020,1.0,3.0,0.809
Greece,2021,1.0,3.0,0.771
Greece,2022,1.0,2.0,0.771
Iceland,2000,1.0,3.0,0.871
Iceland,2001,1.0,3.0,0.871
Iceland,2002,1.0,3.0,0.871
Iceland,2003,1.0,3.0,0.872
Iceland,2004,1.0,3.0,0.871
Iceland,2005,1.0,3.0,0.868
Iceland,2006,1.0,3.0,0.868
Iceland,2007,1.0,3.0,0.877
Iceland,2008,1.0,3.0,0.887
Iceland,2009,1.0,3.0,0.885
Iceland,2010,1.0,3.0,0.883
Iceland,2011,1.0,3.0,0.883
Iceland,2012,1.0,3.0,0.878
Iceland,2013,1.0,3.0,0.865
Iceland,2014,1.0,3.0,0.865
Iceland,2015,1.0,3.0,0.869
Iceland,2016,1.0,3.0,0.865
Iceland,2017,1.0,3.0,0.865
Iceland,2018,1.0,3.0,0.88
Iceland,2019,1.0,3.0,0.856
Iceland,2020,1.0,3.0,0.857
Iceland,2021,1.0,3.0,0.836
Iceland,2022,1.0,3.0,0.822
Lithuania,2000,1.0,3.0,0.823
Lithuania,2001,1.0,3.0,0.82
Lithuania,2002,1.0,3.0,0.82
Lithuania,2003,1.0,3.0,0.817
Lithuania,2004,1.0,3.0,0.823
Lithuania,2005,1.0,3.0,0.825
Lithuania,2006,1.0,3.0,0.825
Lithuania,2007,1.0,3.0,0.825
Lithuania,2008,1.0,3.0,0.826
Lithuania,2009,1.0,3.0,0.846
Lithuania,2010,1.0,3.0,0.848
Lithuania,2011,1.0,3.0,0.844
Lithuania,2012,1.0,3.0,0.84
Lithuania,2013,1.0,3.0,0.829
Lithuania,2014,1.0,3.0,0.832
Lithuania,2015,1.0,3.0,0.838
Lithuania,2016,1.0,2.0,0.824
Lithuania,2017,1.0,2.0,0.806
Lithuania,2018,1.0,2.0,0.817
Lithuania,2019,1.0,2.0,0.82
Lithuania,2020,1.0,2.0,0.81
Lithuania,2021,1.0,2.0,0.8
Lithuania,2022,1.0,2.0,0.8
North Macedonia,2000,0.0,1.0,0.44
North Macedonia,2001,0.0,1.0,0.441
North Macedonia,2002,1.0,2.0,0.523
North Macedonia,2003,1.0,2.0,0.616
North Macedonia,2004,1.0,2.0,0.613
North Macedonia,2005,1.0,2.0,0.599
North Macedonia,2006,1.0,2.0,0.6
North Macedonia,2007,1.0,2.0,0.588
North Macedonia,2008,1.0,2.0,0.549
North Macedonia,2009,1.0,2.0,0.529
North Macedonia,2010,1.0,2.0,0.523
North Macedonia,2011,0.0,1.0,0.476
North Macedonia,2012,0.0,1.0,0.453
North Macedonia,2013,0.0,1.0,0.44
North Macedonia,2014,0.0,1.0,0.448
North Macedonia,2015,0.0,1.0,0.442
North Macedonia,2016,0.0,1.0,0.449
North Macedonia,2017,1.0,2.0,0.549
North Macedonia,2018,1.0,2.0,0.576
North Macedonia,2019,1.0,2.0,0.603
North Macedonia,2020,1.0,2.0,0.595
North Macedonia,2021,1.0,2.0,0.585
North Macedonia,2022,1.0,2.0,0.557
Malta,2000,1.0,2.0,0.792
Malta,2001,1.0,2.0,0.792
Malta,2002,1.0,2.0,0.792
Malta,2003,1.0,2.0,0.791
Malta,2004,1.0,2.0,0.791
Malta,2005,1.0,2.0,0.791
Malta,2006,1.0,2.0,0.791
Malta,2007,1.0,2.0,0.789
Malta,2008,1.0,2.0,0.807
Malta,2009,1.0,2.0,0.822
Malta,2010,1.0,2.0,0.822
Malta,2011,1.0,2.0,0.822
Malta,2012,1.0,2.0,0.822
Malta,2013,1.0,2.0,0.795
Malta,2014,1.0,2.0,0.78
Malta,2015,1.0,2.0,0.78
Malta,2016,1.0,2.0,0.778
Malta,2017,1.0,2.0,0.767
Malta,2018,1.0,2.0,0.76
Malta,2019,1.0,2.0,0.767
Malta,2020,1.0,2.0,0.767
Malta,2021,1.0,2.0,0.775
Malta,2022,1.0,2.0,0.779
Montenegro,2000,0.0,1.0,0.421
Montenegro,2001,0.0,1.0,0.447
Montenegro,2002,0.0,1.0,0.473
Montenegro,2003,0.0,1.0,0.487
Montenegro,2004,1.0,2.0,0.504
Montenegro,2005,1.0,2.0,0.507
Montenegro,2006,1.0,2.0,0.501
Montenegro,2007,0.0,1.0,0.481
Montenegro,2008,0.0,1.0,0.493
Montenegro,2009,0.0,1.0,0.497
Montenegro,2010,0.0,1.0,0.497
Montenegro,2011,0.0,1.0,0.497
Montenegro,2012,0.0,1.0,0.497
Montenegro,2013,0.0,1.0,0.478
Montenegro,2014,0.0,1.0,0.469
Montenegro,2015,0.0,1.0,0.469
Montenegro,2016,0.0,1.0,0.466
Montenegro,2017,0.0,1.0,0.459
Montenegro,2018,0.0,1.0,0.466
Montenegro,2019,0.0,1.0,0.459
Montenegro,2020,0.0,1.0,0.481
Montenegro,2021,1.0,2.0,0.509
Montenegro,2022,1.0,2.0,0.504
Norway,2000,1.0,3.0,0.889
Norway,2001,1.0,3.0,0.889
Norway,2002,1.0,3.0,0.891
Norway,2003,1.0,3.0,0.891
Norway,2004,1.0,3.0,0.891
Norway,2005,1.0,3.0,0.892
Norway,2006,1.0,3.0,0.895
Norway,2007,1.0,3.0,0.895
Norway,2008,1.0,3.0,0.895
Norway,2009,1.0,3.0,0.897
Norway,2010,1.0,3.0,0.899
Norway,2011,1.0,3.0,0.897
Norway,2012,1.0,3.0,0.897
Norway,2013,1.0,3.0,0.885
Norway,2014,1.0,3.0,0.888
Norway,2015,1.0,3.0,0.895
Norway,2016,1.0,3.0,0.895
Norway,2017,1.0,3.0,0.891
Norway,2018,1.0,3.0,0.884
Norway,2019,1.0,3.0,0.889
Norway,2020,1.0,3.0,0.88
Norway,2021,1.0,3.0,0.886
Norway,2022,1.0,3.0,0.886
Romania,2000,1.0,2.0,0.614
Romania,2001,1.0,2.0,0.594
Romania,2002,1.0,2.0,0.594
Romania,2003,1.0,2.0,0.601
Romania,2004,1.0,2.0,0.59
Romania,2005,1.0,2.0,0.608
Romania,2006,1.0,2.0,0.612
Romania,2007,1.0,2.0,0.612
Romania,2008,1.0,2.0,0.622
Romania,2009,1.0,2.0,0.669
Romania,2010,1.0,2.0,0.681
Romania,2011,1.0,2.0,0.683
Romania,2012,1.0,2.0,0.672
Romania,2013,1.0,2.0,0.669
Romania,2014,1.0,2.0,0.674
Romania,2015,1.0,2.0,0.711
Romania,2016,1.0,2.0,0.732
Romania,2017,1.0,2.0,0.695
Romania,2018,1.0,2.0,0.69
Romania,2019,1.0,2.0,0.745
Romania,2020,1.0,2.0,0.801
Romania,2021,1.0,2.0,0.77
Romania,2022,1.0,2.0,0.689
Serbia,2000,0.0,1.0,0.365
Serbia,2001,1.0,2.0,0.582
Serbia,2002,1.0,2.0,0.612
Serbia,2003,1.0,2.0,0.65
Serbia,2004,1.0,2.0,0.637
Serbia,2005,1.0,2.0,0.637
Serbia,2006,1.0,2.0,0.639
Serbia,2007,1.0,3.0,0.638
Serbia,2008,1.0,3.0,0.631
Serbia,2009,1.0,3.0,0.63
Serbia,2010,1.0,3.0,0.612
Serbia,2011,1.0,3.0,0.615
Serbia,2012,1.0,3.0,0.595
Serbia,2013,1.0,2.0,0.501
Serbia,2014,0.0,1.0,0.449
Serbia,2015,0.0,1.0,0.427
Serbia,2016,0.0,1.0,0.416
Serbia,2017,0.0,1.0,0.378
Serbia,2018,0.0,1.0,0.359
Serbia,2019,0.0,1.0,0.368
Serbia,2020,0.0,1.0,0.354
Serbia,2021,0.0,1.0,0.34
Serbia,2022,0.0,1.0,0.36
Slovakia,2000,1.0,3.0,0.848
Slovakia,2001,1.0,3.0,0.848
Slovakia,2002,1.0,3.0,0.848
Slovakia,2003,1.0,3.0,0.847
Slovakia,2004,1.0,3.0,0.847
Slovakia,2005,1.0,3.0,0.846
Slovakia,2006,1.0,3.0,0.823
Slovakia,2007,1.0,3.0,0.833
Slovakia,2008,1.0,3.0,0.841
Slovakia,2009,1.0,3.0,0.84
Slovakia,2010,1.0,3.0,0.854
Slovakia,2011,1.0,3.0,0.857
Slovakia,2012,1.0,3.0,0.852
Slovakia,2013,1.0,3.0,0.837
Slovakia,2014,1.0,3.0,0.84
Slovakia,2015,1.0,3.0,0.845
Slovakia,2016,1.0,3.0,0.841
Slovakia,2017,1.0,3.0,0.841
Slovakia,2018,1.0,3.0,0.82
Slovakia,2019,1.0,2.0,0.846
Slovakia,2020,1.0,2.0,0.851
Slovakia,2021,1.0,2.0,0.851
Slovakia,2022,1.0,2.0,0.842
Slovenia,2000,1.0,3.0,0.844
Slovenia,2001,1.0,3.0,0.831
Slovenia,2002,1.0,3.0,0.848
Slovenia,2003,1.0,3.0,0.846
Slovenia,2004,1.0,3.0,0.828
Slovenia,2005,1.0,3.0,0.824
Slovenia,2006,1.0,3.0,0.826
Slovenia,2007,1.0,3.0,0.828
Slovenia,2008,1.0,3.0,0.829
Slovenia,2009,1.0,3.0,0.875
Slovenia,2010,1.0,3.0,0.872
Slovenia,2011,1.0,3.0,0.866
Slovenia,2012,1.0,3.0,0.851
Slovenia,2013,1.0,3.0,0.861
Slovenia,2014,1.0,3.0,0.868
Slovenia,2015,1.0,3.0,0.874
Slovenia,2016,1.0,3.0,0.862
Slovenia,2017,1.0,3.0,0.843
Slovenia,2018,1.0,3.0,0.832
Slovenia,2019,1.0,3.0,0.811
Slovenia,2020,1.0,3.0,0.761
Slovenia,2021,1.0,2.0,0.716
Slovenia,2022,1.0,3.0,0.812
Hungary,2000,1.0,3.0,0.848
Hungary,2001,1.0,3.0,0.848
Hungary,2002,1.0,3.0,0.849
Hungary,2003,1.0,3.0,0.849
Hungary,2004,1.0,3.0,0.849
Hungary,2005,1.0,3.0,0.849
Hungary,2006,1.0,3.0,0.835
Hungary,2007,1.0,3.0,0.855
Hungary,2008,1.0,3.0,0.855
Hungary,2009,1.0,3.0,0.855
Hungary,2010,1.0,2.0,0.808
Hungary,2011,1.0,2.0,0.783
Hungary,2012,1.0,2.0,0.773
Hungary,2013,1.0,2.0,0.733
Hungary,2014,1.0,2.0,0.669
Hungary,2015,1.0,2.0,0.623
Hungary,2016,1.0,2.0,0.613
Hungary,2017,1.0,2.0,0.561
Hungary,2018,0.0,1.0,0.482
Hungary,2019,0.0,1.0,0.472
Hungary,2020,0.0,1.0,0.465
Hungary,2021,0.0,1.0,0.456
Hungary,2022,0.0,1.0,0.449
